--
-- PostgreSQL database dump
--

\restrict 7mmivFxNxB4yucLNRcTiM2yhLfCEpfK2TDdRDyRtg0NgJVymWnrkmYCRNcIFQrh

-- Dumped from database version 16.13 (Homebrew)
-- Dumped by pg_dump version 16.13 (Homebrew)

SET statement_timeout = 0;
SET lock_timeout = 0;
SET idle_in_transaction_session_timeout = 0;
SET client_encoding = 'UTF8';
SET standard_conforming_strings = on;
SELECT pg_catalog.set_config('search_path', '', false);
SET check_function_bodies = false;
SET xmloption = content;
SET client_min_messages = warning;
SET row_security = off;

--
-- Data for Name: about_pages; Type: TABLE DATA; Schema: public; Owner: snoumigue
--

SET SESSION AUTHORIZATION DEFAULT;

ALTER TABLE public.about_pages DISABLE TRIGGER ALL;

INSERT INTO public.about_pages (id, document_id, kicker, title, intro, sections, created_at, updated_at, published_at, created_by_id, updated_by_id, locale) VALUES (1, 'zg3ujryicqj7apqdccqugiym', 'À propos', 'Comprendre PRETE SUBCO', 'Cette section rassemble les éléments essentiels pour situer le projet, le mécanisme de subvention et les investissements productifs ciblés.', '[{"text": "PRETE accompagne la transformation productive locale en ciblant des investissements capables de renforcer les chaînes de valeur prioritaires.", "title": "Le projet PRETE / NYUNGANIRA"}, {"text": "SUBCO organise l’information, la préparation, la soumission et le suivi des demandes de subventions de contrepartie.", "title": "Le mécanisme SUBCO"}, {"text": "Le dispositif vise des projets structurants, viables et utiles aux MPME, avec un accent sur l’emploi, l’inclusion et la compétitivité.", "title": "Objectifs du dispositif"}, {"text": "Les infrastructures productives peuvent être matérielles ou immatérielles : équipements, services, systèmes qualité, logistique, traçabilité ou appuis techniques.", "title": "Infrastructures productives"}, {"text": "La plateforme présente les partenaires impliqués dans le pilotage, l’accompagnement et la mise en œuvre du mécanisme.", "title": "Partenaires institutionnels"}]', '2026-05-08 14:28:04.66', '2026-05-08 14:28:04.66', '2026-05-08 14:28:04.66', NULL, NULL, NULL);


ALTER TABLE public.about_pages ENABLE TRIGGER ALL;

--
-- Data for Name: call_for_proposals; Type: TABLE DATA; Schema: public; Owner: snoumigue
--

ALTER TABLE public.call_for_proposals DISABLE TRIGGER ALL;

INSERT INTO public.call_for_proposals (id, document_id, title, slug, summary, content, opening_date, deadline_date, created_at, updated_at, published_at, created_by_id, updated_by_id, locale, call_status) VALUES (1, 'fh8c7pz831cv6759ji2a8skl', 'Appel à propositions - Cohorte 1', 'appel-cohorte-1', 'Appel pilote pour les opérateurs des chaînes de valeur ciblées.', '[{"type": "paragraph", "children": [{"text": "Consultez les critères, les pièces requises et le calendrier de soumission.", "type": "text"}]}]', '2026-05-01', '2026-06-15', '2026-05-06 23:54:40.687', '2026-05-06 23:54:40.687', '2026-05-06 23:54:40.687', NULL, NULL, NULL, NULL);
INSERT INTO public.call_for_proposals (id, document_id, title, slug, summary, content, opening_date, deadline_date, created_at, updated_at, published_at, created_by_id, updated_by_id, locale, call_status) VALUES (2, 'o62x0clwp7998wst2fazykm2', 'D’AVIS D’APPEL A PROPOSITIONS DE PROJETS, PHASE PILOTE ', 'appel-cohorte-1-2026', 'Appel destiné aux opérateurs éligibles des chaînes de valeur ciblées par PRETE', '[{"type": "paragraph", "children": [{"text": "Le Gouvernement de la République du Burundi avec l''appui technique et financier de la Banque mondiale, a initié le Projet pour l''Emploi et la Transformation Économique (PRETE NYUNGANIRA) pour soutenir le Plan National de Développement (PND) 2018-2027 et mettre en œuvre certaines des recommandations issues du Diagnostic du secteur privé (CPSD) conduit avec l''appui de la Banque mondiale et la Société Financière Internationale. Le Projet s''inscrit dans une optique d''alignement avec les priorités du Gouvernement telles que formulées dans le PND révisé 2023-2028 et la vision Burundi 2040-2060.", "type": "text"}]}, {"type": "paragraph", "children": [{"text": "", "type": "text"}]}, {"type": "paragraph", "children": [{"text": "L''objectif de développement du projet PRETE est d''améliorer l''accès au financement des MPME en particulier pour les MPME détenues par des femmes et des réfugiés, et d''augmenter la création d''emplois par ces mêmes MPME. Les principaux bénéficiaires du projet sont les MPME, les fournisseurs d''infrastructures productives, les institutions financières, y compris les Institutions de Microfinance (IMF), les Institutions Gouvernementales et Organisations du secteur privé. ", "type": "text"}]}, {"type": "paragraph", "children": [{"text": "", "type": "text"}]}, {"type": "paragraph", "children": [{"text": "Le projet PRETE s''appuie sur 5 composantes à savoir (1) l’accès des MPME aux marchés et développement de chaînes de valeur ; (2) Inclusion financière et accès durable au financement pour les MPME ; (3) Environnement des affaires favorable et durable et soutien au climat d''investissement ; (4) Gestion du projet ; et (5) Composante contingente d''intervention d''urgence (CERC). ", "type": "text"}]}, {"type": "paragraph", "children": [{"text": "", "type": "text"}]}, {"type": "paragraph", "children": [{"text": "Dans le cadre de la mise en œuvre de la sous-composante 1.1 relative à l’amélioration de l’accès des MPME aux infrastructures productives durables y compris aux infrastructures numériques, il est prévu un appui aux opérateurs privés d’infrastructures productives par l’octroi des subventions de contrepartie et la fourniture d’une assistance technique. ", "type": "text"}]}, {"type": "paragraph", "children": [{"text": "C’est dans ce contexte que le projet PRETE lance un avis d’appel à propositions de projets pour la mise en œuvre du mécanisme des subventions de contrepartie.", "type": "text"}]}, {"type": "paragraph", "children": [{"text": "", "type": "text"}]}, {"type": "paragraph", "children": [{"text": "Les candidats à cet appel sont des entités se trouvant dans les catégories suivantes : les entreprises, les coopératives, les associations, les organisations non gouvernementales (ONG) et les fournisseurs de services numériques aux MPME (tels que des plateformes numériques, y compris le commerce électronique) et œuvrant dans les différents maillons des chaines de valeur fruits tropicaux, volaille, pisciculture, lait et industrie minière. ", "type": "text"}]}, {"type": "paragraph", "children": [{"text": "Les candidats intéressés par le présent appel peuvent constituer le dossier de candidature comprenant : ", "type": "text"}]}, {"type": "paragraph", "children": [{"text": "", "type": "text"}]}, {"type": "paragraph", "children": [{"text": "i.\tLettre de transmission du dossier adressée à Madame le Coordonnateur National du projet PRETE ;", "type": "text"}]}, {"type": "paragraph", "children": [{"text": "ii.\tFormulaire type d’appel à projet dûment renseigné (annexe aux TDR) ;", "type": "text"}]}, {"type": "paragraph", "children": [{"text": "iii.\tCopie des actes de création de la structure (Registre de commerce et NIF) ;", "type": "text"}]}, {"type": "paragraph", "children": [{"text": "iv.\tAttestation fiscale encore valable", "type": "text"}]}, {"type": "paragraph", "children": [{"text": "v.\tAttestation environnementale ", "type": "text"}]}, {"type": "paragraph", "children": [{"text": "vi.\tExtraits bancaires pour une période de 6 mois ", "type": "text"}]}, {"type": "paragraph", "children": [{"text": "vii.\tEtats financiers de trois ans (3 dernières années) ;", "type": "text"}]}, {"type": "paragraph", "children": [{"text": "viii.\tPlan d’affaires simplifié (annexe aux TDR) ;", "type": "text"}]}, {"type": "paragraph", "children": [{"text": "ix.\tListe d’au moins 10 bénéficiaires potentiels des services de l’infrastructure (PME, associations, coopératives avec 50% des femmes) ;", "type": "text"}]}, {"type": "paragraph", "children": [{"text": "x.\tCV du promoteur de l’infrastructure et de 2 employés clés (si existant) et leurs extraits du casier judiciaire", "type": "text"}]}, {"type": "paragraph", "children": [{"text": "xi.\tEngagement formel signé du gestionnaire de l’infrastructure au cofinancement (format annexé aux TDR)", "type": "text"}]}, {"type": "paragraph", "children": [{"text": "xii.\tEngagement formel signé du gestionnaire de l’infrastructure à respecter les conditions de la subvention (format annexé aux TDR)", "type": "text"}]}, {"type": "paragraph", "children": [{"text": "xiii.\tTout autre document utile pour la bonne analyse des dossiers ", "type": "text"}]}, {"type": "paragraph", "children": [{"text": "", "type": "text"}]}, {"type": "paragraph", "children": [{"text": "La soumission des candidatures se fait en ligne via l’adresse : ………….", "type": "text"}]}, {"type": "paragraph", "children": [{"text": "Les dossiers sont recevables tous les jours ouvrables en ligne jusqu’au 15 mai2026 à 23 h 59 mn au plus tard. Les dossiers physiques sont recevables jusqu’au 15 mai 2026 au plus tard 17h30 au projet PRETE.", "type": "text"}]}, {"type": "paragraph", "children": [{"text": "", "type": "text"}]}, {"type": "paragraph", "children": [{"text": "Pour tout complément  d’informations, veuillez consulter le site web …………..ou vous adresser à la mission de gestion des Subventions de Contrepartie  au  projet PRETE (Groupement EKVITA-CECODDA –LATTANZIO) bureau du Cabinet CECODDA sise en province de Bujumbura, commune Mukaza ,Zone Rohero, Boulevard du Peuple Murundi,Immeuble UCAR-1er étage ; Tél. : +257 79 222300/ 62867143 / 72036630 ou envoyer un courriel à prete_renseignements@suco.com  ", "type": "text"}]}, {"type": "paragraph", "children": [{"text": "", "type": "text"}]}, {"type": "paragraph", "children": [{"text": "Les termes de référence pour cet appel à propositions de projet sont consultés  sur la plateforme dédiée à la mission des subventions de contrepartie www.suco-prete.bi", "type": "text"}]}, {"type": "paragraph", "children": [{"text": "", "type": "text"}]}, {"type": "paragraph", "children": [{"text": "Et au site web du projet PRETE, https://www.prete.bi  ", "type": "text"}]}, {"type": "paragraph", "children": [{"text": "", "type": "text"}]}, {"type": "paragraph", "children": [{"text": "", "type": "text"}]}, {"type": "paragraph", "children": [{"text": "", "type": "text"}]}, {"type": "paragraph", "children": [{"text": "", "type": "text"}]}, {"type": "paragraph", "children": [{"text": "\t\t\t\t\t\t\tFait à Bujumbura, le 09 avril 2026", "type": "text"}]}, {"type": "paragraph", "children": [{"text": "\t\t\t\t\t\t\tCoordinatrice du Projet PRETE ", "type": "text"}]}, {"type": "paragraph", "children": [{"text": "\t\t\t\t\t\t\tMme NZEYIMANA Béatrice ", "type": "text"}]}, {"type": "paragraph", "children": [{"text": "", "type": "text"}]}, {"type": "paragraph", "children": [{"text": "", "type": "text"}]}]', '2026-05-01', '2026-06-15', '2026-05-07 01:30:55.095', '2026-05-07 01:44:51.527', NULL, 1, 1, NULL, 'open');
INSERT INTO public.call_for_proposals (id, document_id, title, slug, summary, content, opening_date, deadline_date, created_at, updated_at, published_at, created_by_id, updated_by_id, locale, call_status) VALUES (3, 'o62x0clwp7998wst2fazykm2', 'D’AVIS D’APPEL A PROPOSITIONS DE PROJETS, PHASE PILOTE ', 'appel-cohorte-1-2026', 'Appel destiné aux opérateurs éligibles des chaînes de valeur ciblées par PRETE', '[{"type": "paragraph", "children": [{"text": "Le Gouvernement de la République du Burundi avec l''appui technique et financier de la Banque mondiale, a initié le Projet pour l''Emploi et la Transformation Économique (PRETE NYUNGANIRA) pour soutenir le Plan National de Développement (PND) 2018-2027 et mettre en œuvre certaines des recommandations issues du Diagnostic du secteur privé (CPSD) conduit avec l''appui de la Banque mondiale et la Société Financière Internationale. Le Projet s''inscrit dans une optique d''alignement avec les priorités du Gouvernement telles que formulées dans le PND révisé 2023-2028 et la vision Burundi 2040-2060.", "type": "text"}]}, {"type": "paragraph", "children": [{"text": "", "type": "text"}]}, {"type": "paragraph", "children": [{"text": "L''objectif de développement du projet PRETE est d''améliorer l''accès au financement des MPME en particulier pour les MPME détenues par des femmes et des réfugiés, et d''augmenter la création d''emplois par ces mêmes MPME. Les principaux bénéficiaires du projet sont les MPME, les fournisseurs d''infrastructures productives, les institutions financières, y compris les Institutions de Microfinance (IMF), les Institutions Gouvernementales et Organisations du secteur privé. ", "type": "text"}]}, {"type": "paragraph", "children": [{"text": "", "type": "text"}]}, {"type": "paragraph", "children": [{"text": "Le projet PRETE s''appuie sur 5 composantes à savoir (1) l’accès des MPME aux marchés et développement de chaînes de valeur ; (2) Inclusion financière et accès durable au financement pour les MPME ; (3) Environnement des affaires favorable et durable et soutien au climat d''investissement ; (4) Gestion du projet ; et (5) Composante contingente d''intervention d''urgence (CERC). ", "type": "text"}]}, {"type": "paragraph", "children": [{"text": "", "type": "text"}]}, {"type": "paragraph", "children": [{"text": "Dans le cadre de la mise en œuvre de la sous-composante 1.1 relative à l’amélioration de l’accès des MPME aux infrastructures productives durables y compris aux infrastructures numériques, il est prévu un appui aux opérateurs privés d’infrastructures productives par l’octroi des subventions de contrepartie et la fourniture d’une assistance technique. ", "type": "text"}]}, {"type": "paragraph", "children": [{"text": "C’est dans ce contexte que le projet PRETE lance un avis d’appel à propositions de projets pour la mise en œuvre du mécanisme des subventions de contrepartie.", "type": "text"}]}, {"type": "paragraph", "children": [{"text": "", "type": "text"}]}, {"type": "paragraph", "children": [{"text": "Les candidats à cet appel sont des entités se trouvant dans les catégories suivantes : les entreprises, les coopératives, les associations, les organisations non gouvernementales (ONG) et les fournisseurs de services numériques aux MPME (tels que des plateformes numériques, y compris le commerce électronique) et œuvrant dans les différents maillons des chaines de valeur fruits tropicaux, volaille, pisciculture, lait et industrie minière. ", "type": "text"}]}, {"type": "paragraph", "children": [{"text": "Les candidats intéressés par le présent appel peuvent constituer le dossier de candidature comprenant : ", "type": "text"}]}, {"type": "paragraph", "children": [{"text": "", "type": "text"}]}, {"type": "paragraph", "children": [{"text": "i.\tLettre de transmission du dossier adressée à Madame le Coordonnateur National du projet PRETE ;", "type": "text"}]}, {"type": "paragraph", "children": [{"text": "ii.\tFormulaire type d’appel à projet dûment renseigné (annexe aux TDR) ;", "type": "text"}]}, {"type": "paragraph", "children": [{"text": "iii.\tCopie des actes de création de la structure (Registre de commerce et NIF) ;", "type": "text"}]}, {"type": "paragraph", "children": [{"text": "iv.\tAttestation fiscale encore valable", "type": "text"}]}, {"type": "paragraph", "children": [{"text": "v.\tAttestation environnementale ", "type": "text"}]}, {"type": "paragraph", "children": [{"text": "vi.\tExtraits bancaires pour une période de 6 mois ", "type": "text"}]}, {"type": "paragraph", "children": [{"text": "vii.\tEtats financiers de trois ans (3 dernières années) ;", "type": "text"}]}, {"type": "paragraph", "children": [{"text": "viii.\tPlan d’affaires simplifié (annexe aux TDR) ;", "type": "text"}]}, {"type": "paragraph", "children": [{"text": "ix.\tListe d’au moins 10 bénéficiaires potentiels des services de l’infrastructure (PME, associations, coopératives avec 50% des femmes) ;", "type": "text"}]}, {"type": "paragraph", "children": [{"text": "x.\tCV du promoteur de l’infrastructure et de 2 employés clés (si existant) et leurs extraits du casier judiciaire", "type": "text"}]}, {"type": "paragraph", "children": [{"text": "xi.\tEngagement formel signé du gestionnaire de l’infrastructure au cofinancement (format annexé aux TDR)", "type": "text"}]}, {"type": "paragraph", "children": [{"text": "xii.\tEngagement formel signé du gestionnaire de l’infrastructure à respecter les conditions de la subvention (format annexé aux TDR)", "type": "text"}]}, {"type": "paragraph", "children": [{"text": "xiii.\tTout autre document utile pour la bonne analyse des dossiers ", "type": "text"}]}, {"type": "paragraph", "children": [{"text": "", "type": "text"}]}, {"type": "paragraph", "children": [{"text": "La soumission des candidatures se fait en ligne via l’adresse : ………….", "type": "text"}]}, {"type": "paragraph", "children": [{"text": "Les dossiers sont recevables tous les jours ouvrables en ligne jusqu’au 15 mai2026 à 23 h 59 mn au plus tard. Les dossiers physiques sont recevables jusqu’au 15 mai 2026 au plus tard 17h30 au projet PRETE.", "type": "text"}]}, {"type": "paragraph", "children": [{"text": "", "type": "text"}]}, {"type": "paragraph", "children": [{"text": "Pour tout complément  d’informations, veuillez consulter le site web …………..ou vous adresser à la mission de gestion des Subventions de Contrepartie  au  projet PRETE (Groupement EKVITA-CECODDA –LATTANZIO) bureau du Cabinet CECODDA sise en province de Bujumbura, commune Mukaza ,Zone Rohero, Boulevard du Peuple Murundi,Immeuble UCAR-1er étage ; Tél. : +257 79 222300/ 62867143 / 72036630 ou envoyer un courriel à prete_renseignements@suco.com  ", "type": "text"}]}, {"type": "paragraph", "children": [{"text": "", "type": "text"}]}, {"type": "paragraph", "children": [{"text": "Les termes de référence pour cet appel à propositions de projet sont consultés  sur la plateforme dédiée à la mission des subventions de contrepartie www.suco-prete.bi", "type": "text"}]}, {"type": "paragraph", "children": [{"text": "", "type": "text"}]}, {"type": "paragraph", "children": [{"text": "Et au site web du projet PRETE, https://www.prete.bi  ", "type": "text"}]}, {"type": "paragraph", "children": [{"text": "", "type": "text"}]}, {"type": "paragraph", "children": [{"text": "", "type": "text"}]}, {"type": "paragraph", "children": [{"text": "", "type": "text"}]}, {"type": "paragraph", "children": [{"text": "", "type": "text"}]}, {"type": "paragraph", "children": [{"text": "\t\t\t\t\t\t\tFait à Bujumbura, le 09 avril 2026", "type": "text"}]}, {"type": "paragraph", "children": [{"text": "\t\t\t\t\t\t\tCoordinatrice du Projet PRETE ", "type": "text"}]}, {"type": "paragraph", "children": [{"text": "\t\t\t\t\t\t\tMme NZEYIMANA Béatrice ", "type": "text"}]}, {"type": "paragraph", "children": [{"text": "", "type": "text"}]}, {"type": "paragraph", "children": [{"text": "", "type": "text"}]}]', '2026-05-01', '2026-06-15', '2026-05-07 01:30:55.095', '2026-05-07 01:44:51.527', '2026-05-07 01:44:51.541', 1, 1, NULL, 'open');


ALTER TABLE public.call_for_proposals ENABLE TRIGGER ALL;

--
-- Data for Name: candidature_guides; Type: TABLE DATA; Schema: public; Owner: snoumigue
--

ALTER TABLE public.candidature_guides DISABLE TRIGGER ALL;

INSERT INTO public.candidature_guides (id, document_id, kicker, title, intro, sections, primary_cta_label, primary_cta_url, created_at, updated_at, published_at, created_by_id, updated_by_id, locale) VALUES (1, 'g41kz6y1xsf0oiwrv1yib6ph', 'Candidature', 'Préparer votre demande de subvention', 'Avant de remplir le formulaire, vérifiez les conditions, les documents attendus et les appels ouverts.', '[{"text": "Les entreprises, coopératives, associations, ONG, fournisseurs de services numériques et plateformes liées aux chaînes de valeur prioritaires peuvent préparer un dossier si elles répondent aux critères de l’appel.", "title": "Qui peut candidater ?"}, {"text": "Le candidat doit être actif dans une chaîne de valeur prioritaire, justifier son expérience, proposer un investissement productif viable et mobiliser une contrepartie selon les règles de l’appel.", "title": "Conditions d’éligibilité"}, {"text": "Le mécanisme soutient les infrastructures productives matérielles ou immatérielles : équipements, chaîne du froid, transformation, qualité, traçabilité, services techniques, formation ou dispositifs de marché.", "title": "Ce que finance PRETE SUBCO"}, {"text": "Préparez les documents d’existence légale, les preuves d’activité, les justificatifs d’actifs, les contrats ou bons de commande, les éléments financiers et tout document utile au projet.", "title": "Documents à préparer"}, {"text": "Les dossiers sont soumis en ligne, contrôlés pour complétude, analysés selon les critères administratifs et techniques, puis examinés par les instances prévues par le dispositif.", "title": "Processus de sélection"}]', 'Déposer une candidature', '/candidature/deposer', '2026-05-08 14:28:04.673', '2026-05-08 14:28:04.673', '2026-05-08 14:28:04.673', NULL, NULL, NULL);


ALTER TABLE public.candidature_guides ENABLE TRIGGER ALL;

--
-- Data for Name: events; Type: TABLE DATA; Schema: public; Owner: snoumigue
--

ALTER TABLE public.events DISABLE TRIGGER ALL;

INSERT INTO public.events (id, document_id, title, slug, description, event_date, location, registration_url, created_at, updated_at, published_at, created_by_id, updated_by_id, locale) VALUES (2, 'nn12kgjev04itf6hm27teyzo', 'Atelier d''information des candidats', 'atelier-information-candidats', '[{"type": "paragraph", "children": [{"text": "Session de présentation du mécanisme des subventions de contrepartie et des modalités de candidature. Cet evenement reunira plusieurs operateurs interesse par les subvention de contrepartie PRETE", "type": "text"}]}]', '2026-05-21 15:00:00', 'PRETE Bujumbura', NULL, '2026-05-07 01:47:24.773', '2026-05-08 03:21:24.31', NULL, 1, 1, NULL);
INSERT INTO public.events (id, document_id, title, slug, description, event_date, location, registration_url, created_at, updated_at, published_at, created_by_id, updated_by_id, locale) VALUES (4, 'nn12kgjev04itf6hm27teyzo', 'Atelier d''information des candidats', 'atelier-information-candidats', '[{"type": "paragraph", "children": [{"text": "Session de présentation du mécanisme des subventions de contrepartie et des modalités de candidature. Cet evenement reunira plusieurs operateurs interesse par les subvention de contrepartie PRETE", "type": "text"}]}]', '2026-05-21 15:00:00', 'PRETE Bujumbura', NULL, '2026-05-07 01:47:24.773', '2026-05-08 03:21:24.31', '2026-05-08 03:21:24.317', 1, 1, NULL);


ALTER TABLE public.events ENABLE TRIGGER ALL;

--
-- Data for Name: faqs; Type: TABLE DATA; Schema: public; Owner: snoumigue
--

ALTER TABLE public.faqs DISABLE TRIGGER ALL;

INSERT INTO public.faqs (id, document_id, question, answer, sort_order, created_at, updated_at, published_at, created_by_id, updated_by_id, locale) VALUES (1, 'nnro19v4c0qovopgegtejj0l', 'Qui peut candidater ?', '[{"type": "paragraph", "children": [{"text": "Les entreprises, coopératives, associations et acteurs éligibles selon l’appel en cours.", "type": "text"}]}]', 1, '2026-05-06 23:54:40.703', '2026-05-06 23:54:40.703', '2026-05-06 23:54:40.703', NULL, NULL, NULL);
INSERT INTO public.faqs (id, document_id, question, answer, sort_order, created_at, updated_at, published_at, created_by_id, updated_by_id, locale) VALUES (2, 'vgnm83r574tkbsw8mz7un11t', 'Qui peut candidater ?', '[{"type": "paragraph", "children": [{"text": "Les entreprises, coopératives, associations et structures éligibles selon l’appel en cours.", "type": "text"}]}]', 1, '2026-05-07 01:49:20.621', '2026-05-07 01:49:22.595', NULL, 1, 1, NULL);
INSERT INTO public.faqs (id, document_id, question, answer, sort_order, created_at, updated_at, published_at, created_by_id, updated_by_id, locale) VALUES (3, 'vgnm83r574tkbsw8mz7un11t', 'Qui peut candidater ?', '[{"type": "paragraph", "children": [{"text": "Les entreprises, coopératives, associations et structures éligibles selon l’appel en cours.", "type": "text"}]}]', 1, '2026-05-07 01:49:20.621', '2026-05-07 01:49:22.595', '2026-05-07 01:49:22.603', 1, 1, NULL);
INSERT INTO public.faqs (id, document_id, question, answer, sort_order, created_at, updated_at, published_at, created_by_id, updated_by_id, locale) VALUES (4, 'wv1l59865k3rqvenksue2s4t', 'Quels documents sont requis', '[{"type": "list", "format": "unordered", "children": [{"type": "list-item", "children": [{"text": "Le dossier inclut notamment le formulaire, ", "type": "text"}]}]}, {"type": "list", "format": "unordered", "children": [{"type": "list-item", "children": [{"text": "Le plan d’affaires simplifié ", "type": "text"}]}]}, {"type": "list", "format": "unordered", "children": [{"type": "list-item", "children": [{"text": "Et les pièces administratives demandées dans l’appel", "type": "text"}]}]}]', 2, '2026-05-07 01:50:19.468', '2026-05-07 01:50:19.468', NULL, 1, 1, NULL);
INSERT INTO public.faqs (id, document_id, question, answer, sort_order, created_at, updated_at, published_at, created_by_id, updated_by_id, locale) VALUES (5, 'wv1l59865k3rqvenksue2s4t', 'Quels documents sont requis', '[{"type": "list", "format": "unordered", "children": [{"type": "list-item", "children": [{"text": "Le dossier inclut notamment le formulaire, ", "type": "text"}]}]}, {"type": "list", "format": "unordered", "children": [{"type": "list-item", "children": [{"text": "Le plan d’affaires simplifié ", "type": "text"}]}]}, {"type": "list", "format": "unordered", "children": [{"type": "list-item", "children": [{"text": "Et les pièces administratives demandées dans l’appel", "type": "text"}]}]}]', 2, '2026-05-07 01:50:19.468', '2026-05-07 01:50:19.468', '2026-05-07 01:50:19.485', 1, 1, NULL);
INSERT INTO public.faqs (id, document_id, question, answer, sort_order, created_at, updated_at, published_at, created_by_id, updated_by_id, locale) VALUES (6, 'j7j9i15ixd4oo3v54s7mdhy7', 'Comment suivre ma candidature ?', '[{"type": "paragraph", "children": [{"text": "Après soumission, une référence est générée. Le suivi est communiqué via les canaux définis par le programme.", "type": "text"}]}]', 0, '2026-05-07 01:50:50.888', '2026-05-07 01:50:50.888', NULL, 1, 1, NULL);
INSERT INTO public.faqs (id, document_id, question, answer, sort_order, created_at, updated_at, published_at, created_by_id, updated_by_id, locale) VALUES (7, 'j7j9i15ixd4oo3v54s7mdhy7', 'Comment suivre ma candidature ?', '[{"type": "paragraph", "children": [{"text": "Après soumission, une référence est générée. Le suivi est communiqué via les canaux définis par le programme.", "type": "text"}]}]', 0, '2026-05-07 01:50:50.888', '2026-05-07 01:50:50.888', '2026-05-07 01:50:50.903', 1, 1, NULL);


ALTER TABLE public.faqs ENABLE TRIGGER ALL;

--
-- Data for Name: files; Type: TABLE DATA; Schema: public; Owner: snoumigue
--

ALTER TABLE public.files DISABLE TRIGGER ALL;

INSERT INTO public.files (id, document_id, name, alternative_text, caption, focal_point, width, height, formats, hash, ext, mime, size, url, preview_url, provider, provider_metadata, folder_path, created_at, updated_at, published_at, created_by_id, updated_by_id, locale) VALUES (4, 'a1ned6ynx89hwc2pxgni0vrr', 'cv-fruits-tropicaux.jpeg', NULL, NULL, NULL, 1024, 637, '{"large": {"ext": ".jpeg", "url": "/uploads/large_cv_fruits_tropicaux_04244af0b8.jpeg", "hash": "large_cv_fruits_tropicaux_04244af0b8", "mime": "image/jpeg", "name": "large_cv-fruits-tropicaux.jpeg", "path": null, "size": 161.35, "width": 1000, "height": 622, "sizeInBytes": 161350}, "small": {"ext": ".jpeg", "url": "/uploads/small_cv_fruits_tropicaux_04244af0b8.jpeg", "hash": "small_cv_fruits_tropicaux_04244af0b8", "mime": "image/jpeg", "name": "small_cv-fruits-tropicaux.jpeg", "path": null, "size": 48.82, "width": 500, "height": 311, "sizeInBytes": 48824}, "medium": {"ext": ".jpeg", "url": "/uploads/medium_cv_fruits_tropicaux_04244af0b8.jpeg", "hash": "medium_cv_fruits_tropicaux_04244af0b8", "mime": "image/jpeg", "name": "medium_cv-fruits-tropicaux.jpeg", "path": null, "size": 100.03, "width": 750, "height": 467, "sizeInBytes": 100027}, "thumbnail": {"ext": ".jpeg", "url": "/uploads/thumbnail_cv_fruits_tropicaux_04244af0b8.jpeg", "hash": "thumbnail_cv_fruits_tropicaux_04244af0b8", "mime": "image/jpeg", "name": "thumbnail_cv-fruits-tropicaux.jpeg", "path": null, "size": 13.54, "width": 245, "height": 152, "sizeInBytes": 13542}}', 'cv_fruits_tropicaux_04244af0b8', '.jpeg', 'image/jpeg', 169.13, '/uploads/cv_fruits_tropicaux_04244af0b8.jpeg', NULL, 'local', NULL, '/1', '2026-05-07 22:24:04.812', '2026-05-07 22:24:04.812', '2026-05-07 22:24:04.812', 1, 1, NULL);
INSERT INTO public.files (id, document_id, name, alternative_text, caption, focal_point, width, height, formats, hash, ext, mime, size, url, preview_url, provider, provider_metadata, folder_path, created_at, updated_at, published_at, created_by_id, updated_by_id, locale) VALUES (3, 'xm2zs1tu7z6w90sjem17so40', 'cv-pisciculture.jpeg', NULL, NULL, NULL, 1024, 637, '{"large": {"ext": ".jpeg", "url": "/uploads/large_cv_pisciculture_cf2c251892.jpeg", "hash": "large_cv_pisciculture_cf2c251892", "mime": "image/jpeg", "name": "large_cv-pisciculture.jpeg", "path": null, "size": 168.79, "width": 1000, "height": 622, "sizeInBytes": 168785}, "small": {"ext": ".jpeg", "url": "/uploads/small_cv_pisciculture_cf2c251892.jpeg", "hash": "small_cv_pisciculture_cf2c251892", "mime": "image/jpeg", "name": "small_cv-pisciculture.jpeg", "path": null, "size": 47.01, "width": 500, "height": 311, "sizeInBytes": 47010}, "medium": {"ext": ".jpeg", "url": "/uploads/medium_cv_pisciculture_cf2c251892.jpeg", "hash": "medium_cv_pisciculture_cf2c251892", "mime": "image/jpeg", "name": "medium_cv-pisciculture.jpeg", "path": null, "size": 100.62, "width": 750, "height": 467, "sizeInBytes": 100616}, "thumbnail": {"ext": ".jpeg", "url": "/uploads/thumbnail_cv_pisciculture_cf2c251892.jpeg", "hash": "thumbnail_cv_pisciculture_cf2c251892", "mime": "image/jpeg", "name": "thumbnail_cv-pisciculture.jpeg", "path": null, "size": 12.28, "width": 245, "height": 152, "sizeInBytes": 12283}}', 'cv_pisciculture_cf2c251892', '.jpeg', 'image/jpeg', 177.94, '/uploads/cv_pisciculture_cf2c251892.jpeg', NULL, 'local', NULL, '/1', '2026-05-07 22:24:04.8', '2026-05-07 22:24:04.8', '2026-05-07 22:24:04.8', 1, 1, NULL);
INSERT INTO public.files (id, document_id, name, alternative_text, caption, focal_point, width, height, formats, hash, ext, mime, size, url, preview_url, provider, provider_metadata, folder_path, created_at, updated_at, published_at, created_by_id, updated_by_id, locale) VALUES (12, 'dtjd5j7yxqdchqfduarup812', 'cv-lait.jpeg', NULL, NULL, NULL, 1024, 637, '{"large": {"ext": ".jpeg", "url": "/uploads/large_cv_lait_73289705eb.jpeg", "hash": "large_cv_lait_73289705eb", "mime": "image/jpeg", "name": "large_cv-lait.jpeg", "path": null, "size": 91.59, "width": 1000, "height": 622, "sizeInBytes": 91588}, "small": {"ext": ".jpeg", "url": "/uploads/small_cv_lait_73289705eb.jpeg", "hash": "small_cv_lait_73289705eb", "mime": "image/jpeg", "name": "small_cv-lait.jpeg", "path": null, "size": 28.08, "width": 500, "height": 311, "sizeInBytes": 28084}, "medium": {"ext": ".jpeg", "url": "/uploads/medium_cv_lait_73289705eb.jpeg", "hash": "medium_cv_lait_73289705eb", "mime": "image/jpeg", "name": "medium_cv-lait.jpeg", "path": null, "size": 56.42, "width": 750, "height": 467, "sizeInBytes": 56415}, "thumbnail": {"ext": ".jpeg", "url": "/uploads/thumbnail_cv_lait_73289705eb.jpeg", "hash": "thumbnail_cv_lait_73289705eb", "mime": "image/jpeg", "name": "thumbnail_cv-lait.jpeg", "path": null, "size": 8.41, "width": 245, "height": 152, "sizeInBytes": 8410}}', 'cv_lait_73289705eb', '.jpeg', 'image/jpeg', 92.38, '/uploads/cv_lait_73289705eb.jpeg', NULL, 'local', NULL, '/1', '2026-05-07 22:27:42.166', '2026-05-07 22:27:42.166', '2026-05-07 22:27:42.166', 1, 1, NULL);
INSERT INTO public.files (id, document_id, name, alternative_text, caption, focal_point, width, height, formats, hash, ext, mime, size, url, preview_url, provider, provider_metadata, folder_path, created_at, updated_at, published_at, created_by_id, updated_by_id, locale) VALUES (14, 'hudnx373qp6ngppnjsz9qfk0', 'cv-volaille.jpeg', NULL, NULL, NULL, 1024, 637, '{"large": {"ext": ".jpeg", "url": "/uploads/large_cv_volaille_c6fa76a70a.jpeg", "hash": "large_cv_volaille_c6fa76a70a", "mime": "image/jpeg", "name": "large_cv-volaille.jpeg", "path": null, "size": 148.86, "width": 1000, "height": 622, "sizeInBytes": 148856}, "small": {"ext": ".jpeg", "url": "/uploads/small_cv_volaille_c6fa76a70a.jpeg", "hash": "small_cv_volaille_c6fa76a70a", "mime": "image/jpeg", "name": "small_cv-volaille.jpeg", "path": null, "size": 44.98, "width": 500, "height": 311, "sizeInBytes": 44975}, "medium": {"ext": ".jpeg", "url": "/uploads/medium_cv_volaille_c6fa76a70a.jpeg", "hash": "medium_cv_volaille_c6fa76a70a", "mime": "image/jpeg", "name": "medium_cv-volaille.jpeg", "path": null, "size": 91.92, "width": 750, "height": 467, "sizeInBytes": 91917}, "thumbnail": {"ext": ".jpeg", "url": "/uploads/thumbnail_cv_volaille_c6fa76a70a.jpeg", "hash": "thumbnail_cv_volaille_c6fa76a70a", "mime": "image/jpeg", "name": "thumbnail_cv-volaille.jpeg", "path": null, "size": 12.55, "width": 245, "height": 152, "sizeInBytes": 12546}}', 'cv_volaille_c6fa76a70a', '.jpeg', 'image/jpeg', 155.28, '/uploads/cv_volaille_c6fa76a70a.jpeg', NULL, 'local', NULL, '/1', '2026-05-07 22:27:42.187', '2026-05-07 22:27:42.187', '2026-05-07 22:27:42.187', 1, 1, NULL);
INSERT INTO public.files (id, document_id, name, alternative_text, caption, focal_point, width, height, formats, hash, ext, mime, size, url, preview_url, provider, provider_metadata, folder_path, created_at, updated_at, published_at, created_by_id, updated_by_id, locale) VALUES (13, 'mnggj0hiei0m7b1a7wsf9wpt', 'cv-mines.jpeg', NULL, NULL, NULL, 1024, 637, '{"large": {"ext": ".jpeg", "url": "/uploads/large_cv_mines_d998200644.jpeg", "hash": "large_cv_mines_d998200644", "mime": "image/jpeg", "name": "large_cv-mines.jpeg", "path": null, "size": 146.67, "width": 1000, "height": 622, "sizeInBytes": 146666}, "small": {"ext": ".jpeg", "url": "/uploads/small_cv_mines_d998200644.jpeg", "hash": "small_cv_mines_d998200644", "mime": "image/jpeg", "name": "small_cv-mines.jpeg", "path": null, "size": 43.77, "width": 500, "height": 311, "sizeInBytes": 43771}, "medium": {"ext": ".jpeg", "url": "/uploads/medium_cv_mines_d998200644.jpeg", "hash": "medium_cv_mines_d998200644", "mime": "image/jpeg", "name": "medium_cv-mines.jpeg", "path": null, "size": 89.36, "width": 750, "height": 467, "sizeInBytes": 89355}, "thumbnail": {"ext": ".jpeg", "url": "/uploads/thumbnail_cv_mines_d998200644.jpeg", "hash": "thumbnail_cv_mines_d998200644", "mime": "image/jpeg", "name": "thumbnail_cv-mines.jpeg", "path": null, "size": 12.38, "width": 245, "height": 152, "sizeInBytes": 12376}}', 'cv_mines_d998200644', '.jpeg', 'image/jpeg', 152.47, '/uploads/cv_mines_d998200644.jpeg', NULL, 'local', NULL, '/1', '2026-05-07 22:27:42.181', '2026-05-07 22:30:17.114', '2026-05-07 22:27:42.181', 1, 1, NULL);
INSERT INTO public.files (id, document_id, name, alternative_text, caption, focal_point, width, height, formats, hash, ext, mime, size, url, preview_url, provider, provider_metadata, folder_path, created_at, updated_at, published_at, created_by_id, updated_by_id, locale) VALUES (17, 'sip67vy7ymzd9u3f8jmy62dq', 'Photo_hero.jpeg', NULL, NULL, NULL, 1024, 666, '{"large": {"ext": ".jpeg", "url": "/uploads/large_Photo_hero_a486567300.jpeg", "hash": "large_Photo_hero_a486567300", "mime": "image/jpeg", "name": "large_Photo_hero.jpeg", "path": null, "size": 121.02, "width": 1000, "height": 650, "sizeInBytes": 121015}, "small": {"ext": ".jpeg", "url": "/uploads/small_Photo_hero_a486567300.jpeg", "hash": "small_Photo_hero_a486567300", "mime": "image/jpeg", "name": "small_Photo_hero.jpeg", "path": null, "size": 40.27, "width": 500, "height": 325, "sizeInBytes": 40266}, "medium": {"ext": ".jpeg", "url": "/uploads/medium_Photo_hero_a486567300.jpeg", "hash": "medium_Photo_hero_a486567300", "mime": "image/jpeg", "name": "medium_Photo_hero.jpeg", "path": null, "size": 76.76, "width": 750, "height": 488, "sizeInBytes": 76762}, "thumbnail": {"ext": ".jpeg", "url": "/uploads/thumbnail_Photo_hero_a486567300.jpeg", "hash": "thumbnail_Photo_hero_a486567300", "mime": "image/jpeg", "name": "thumbnail_Photo_hero.jpeg", "path": null, "size": 11.66, "width": 240, "height": 156, "sizeInBytes": 11659}}', 'Photo_hero_a486567300', '.jpeg', 'image/jpeg', 123.34, '/uploads/Photo_hero_a486567300.jpeg', NULL, 'local', NULL, '/1', '2026-05-07 23:43:02.167', '2026-05-07 23:43:02.167', '2026-05-07 23:43:02.168', 1, 1, NULL);
INSERT INTO public.files (id, document_id, name, alternative_text, caption, focal_point, width, height, formats, hash, ext, mime, size, url, preview_url, provider, provider_metadata, folder_path, created_at, updated_at, published_at, created_by_id, updated_by_id, locale) VALUES (18, 'upld1f1eilzcngbekf7zn464', 'Photo_hero2.jpeg', NULL, NULL, NULL, 1024, 559, '{"large": {"ext": ".jpeg", "url": "/uploads/large_Photo_hero2_5bec60b870.jpeg", "hash": "large_Photo_hero2_5bec60b870", "mime": "image/jpeg", "name": "large_Photo_hero2.jpeg", "path": null, "size": 88.22, "width": 1000, "height": 546, "sizeInBytes": 88219}, "small": {"ext": ".jpeg", "url": "/uploads/small_Photo_hero2_5bec60b870.jpeg", "hash": "small_Photo_hero2_5bec60b870", "mime": "image/jpeg", "name": "small_Photo_hero2.jpeg", "path": null, "size": 29.49, "width": 500, "height": 273, "sizeInBytes": 29489}, "medium": {"ext": ".jpeg", "url": "/uploads/medium_Photo_hero2_5bec60b870.jpeg", "hash": "medium_Photo_hero2_5bec60b870", "mime": "image/jpeg", "name": "medium_Photo_hero2.jpeg", "path": null, "size": 55.65, "width": 750, "height": 409, "sizeInBytes": 55652}, "thumbnail": {"ext": ".jpeg", "url": "/uploads/thumbnail_Photo_hero2_5bec60b870.jpeg", "hash": "thumbnail_Photo_hero2_5bec60b870", "mime": "image/jpeg", "name": "thumbnail_Photo_hero2.jpeg", "path": null, "size": 9.28, "width": 245, "height": 134, "sizeInBytes": 9276}}', 'Photo_hero2_5bec60b870', '.jpeg', 'image/jpeg', 88.65, '/uploads/Photo_hero2_5bec60b870.jpeg', NULL, 'local', NULL, '/', '2026-05-08 01:00:48.528', '2026-05-08 01:00:48.528', '2026-05-08 01:00:48.529', 1, 1, NULL);
INSERT INTO public.files (id, document_id, name, alternative_text, caption, focal_point, width, height, formats, hash, ext, mime, size, url, preview_url, provider, provider_metadata, folder_path, created_at, updated_at, published_at, created_by_id, updated_by_id, locale) VALUES (21, 'awrkbd9c24hizsaau6j0acw7', 'ADBurundi.png', NULL, NULL, NULL, 150, 150, NULL, 'AD_Burundi_79a0bc889e', '.png', 'image/png', 4.34, '/uploads/AD_Burundi_79a0bc889e.png', NULL, 'local', NULL, '/2', '2026-05-08 02:48:06.993', '2026-05-08 02:48:06.993', '2026-05-08 02:48:06.993', 1, 1, NULL);
INSERT INTO public.files (id, document_id, name, alternative_text, caption, focal_point, width, height, formats, hash, ext, mime, size, url, preview_url, provider, provider_metadata, folder_path, created_at, updated_at, published_at, created_by_id, updated_by_id, locale) VALUES (20, 'yoitduxmbve1o7m3p1mi9mvc', 'Ministere.jpg', NULL, NULL, NULL, 150, 150, NULL, 'Ministere_eaceefdc84', '.jpg', 'image/jpeg', 7.07, '/uploads/Ministere_eaceefdc84.jpg', NULL, 'local', NULL, '/2', '2026-05-08 02:48:06.988', '2026-05-08 02:48:06.988', '2026-05-08 02:48:06.989', 1, 1, NULL);
INSERT INTO public.files (id, document_id, name, alternative_text, caption, focal_point, width, height, formats, hash, ext, mime, size, url, preview_url, provider, provider_metadata, folder_path, created_at, updated_at, published_at, created_by_id, updated_by_id, locale) VALUES (22, 'uaq27nhy91afieghlehq25yq', 'WB.jpg', NULL, NULL, NULL, 264, 150, '{"thumbnail": {"ext": ".jpg", "url": "/uploads/thumbnail_WB_9f57a19962.jpg", "hash": "thumbnail_WB_9f57a19962", "mime": "image/jpeg", "name": "thumbnail_WB.jpg", "path": null, "size": 7.39, "width": 245, "height": 139, "sizeInBytes": 7390}}', 'WB_9f57a19962', '.jpg', 'image/jpeg', 8.20, '/uploads/WB_9f57a19962.jpg', NULL, 'local', NULL, '/2', '2026-05-08 02:48:06.994', '2026-05-08 02:48:06.994', '2026-05-08 02:48:06.994', 1, 1, NULL);
INSERT INTO public.files (id, document_id, name, alternative_text, caption, focal_point, width, height, formats, hash, ext, mime, size, url, preview_url, provider, provider_metadata, folder_path, created_at, updated_at, published_at, created_by_id, updated_by_id, locale) VALUES (19, 's75ho4y31ti7x7tx7isusg2y', 'PRETE.png', NULL, NULL, NULL, 150, 150, NULL, 'PRETE_e1c2461489', '.png', 'image/png', 2.04, '/uploads/PRETE_e1c2461489.png', NULL, 'local', NULL, '/2', '2026-05-08 02:48:06.99', '2026-05-08 02:49:33.823', '2026-05-08 02:48:06.99', 1, 1, NULL);


ALTER TABLE public.files ENABLE TRIGGER ALL;

--
-- Data for Name: upload_folders; Type: TABLE DATA; Schema: public; Owner: snoumigue
--

ALTER TABLE public.upload_folders DISABLE TRIGGER ALL;

INSERT INTO public.upload_folders (id, document_id, name, path_id, path, created_at, updated_at, published_at, created_by_id, updated_by_id, locale) VALUES (1, 'vgcrttj59ji3nup6frucvu16', 'Photos Chaine de Valeur', 1, '/1', '2026-05-07 22:23:28.849', '2026-05-07 22:23:46.987', '2026-05-07 22:23:28.852', 1, 1, NULL);
INSERT INTO public.upload_folders (id, document_id, name, path_id, path, created_at, updated_at, published_at, created_by_id, updated_by_id, locale) VALUES (2, 'd1e5rp9rvjnn9k3xa8ztifkk', 'PArtners', 2, '/2', '2026-05-08 02:47:36.004', '2026-05-08 02:47:36.004', '2026-05-08 02:47:36.006', 1, 1, NULL);


ALTER TABLE public.upload_folders ENABLE TRIGGER ALL;

--
-- Data for Name: files_folder_lnk; Type: TABLE DATA; Schema: public; Owner: snoumigue
--

ALTER TABLE public.files_folder_lnk DISABLE TRIGGER ALL;

INSERT INTO public.files_folder_lnk (id, file_id, folder_id, file_ord) VALUES (3, 3, 1, 1);
INSERT INTO public.files_folder_lnk (id, file_id, folder_id, file_ord) VALUES (2, 4, 1, 1);
INSERT INTO public.files_folder_lnk (id, file_id, folder_id, file_ord) VALUES (12, 12, 1, 6);
INSERT INTO public.files_folder_lnk (id, file_id, folder_id, file_ord) VALUES (13, 13, 1, 7);
INSERT INTO public.files_folder_lnk (id, file_id, folder_id, file_ord) VALUES (15, 14, 1, 8);
INSERT INTO public.files_folder_lnk (id, file_id, folder_id, file_ord) VALUES (18, 17, 1, 9);
INSERT INTO public.files_folder_lnk (id, file_id, folder_id, file_ord) VALUES (19, 22, 2, 1);
INSERT INTO public.files_folder_lnk (id, file_id, folder_id, file_ord) VALUES (20, 20, 2, 1);
INSERT INTO public.files_folder_lnk (id, file_id, folder_id, file_ord) VALUES (21, 21, 2, 1);
INSERT INTO public.files_folder_lnk (id, file_id, folder_id, file_ord) VALUES (22, 19, 2, 1);


ALTER TABLE public.files_folder_lnk ENABLE TRIGGER ALL;

--
-- Data for Name: files_related_mph; Type: TABLE DATA; Schema: public; Owner: snoumigue
--

ALTER TABLE public.files_related_mph DISABLE TRIGGER ALL;

INSERT INTO public.files_related_mph (id, file_id, related_id, related_type, field, "order") VALUES (5, 13, 15, 'api::value-chain.value-chain', 'heroImage', 1);
INSERT INTO public.files_related_mph (id, file_id, related_id, related_type, field, "order") VALUES (6, 13, 18, 'api::value-chain.value-chain', 'heroImage', 1);
INSERT INTO public.files_related_mph (id, file_id, related_id, related_type, field, "order") VALUES (8, 12, 9, 'api::value-chain.value-chain', 'heroImage', 1);
INSERT INTO public.files_related_mph (id, file_id, related_id, related_type, field, "order") VALUES (9, 12, 19, 'api::value-chain.value-chain', 'heroImage', 1);
INSERT INTO public.files_related_mph (id, file_id, related_id, related_type, field, "order") VALUES (11, 3, 13, 'api::value-chain.value-chain', 'heroImage', 1);
INSERT INTO public.files_related_mph (id, file_id, related_id, related_type, field, "order") VALUES (12, 3, 20, 'api::value-chain.value-chain', 'heroImage', 1);
INSERT INTO public.files_related_mph (id, file_id, related_id, related_type, field, "order") VALUES (14, 14, 11, 'api::value-chain.value-chain', 'heroImage', 1);
INSERT INTO public.files_related_mph (id, file_id, related_id, related_type, field, "order") VALUES (15, 14, 21, 'api::value-chain.value-chain', 'heroImage', 1);
INSERT INTO public.files_related_mph (id, file_id, related_id, related_type, field, "order") VALUES (29, 4, 7, 'api::value-chain.value-chain', 'heroImage', 1);
INSERT INTO public.files_related_mph (id, file_id, related_id, related_type, field, "order") VALUES (30, 4, 23, 'api::value-chain.value-chain', 'heroImage', 1);
INSERT INTO public.files_related_mph (id, file_id, related_id, related_type, field, "order") VALUES (35, 18, 2, 'api::homepage.homepage', 'heroImage', 1);
INSERT INTO public.files_related_mph (id, file_id, related_id, related_type, field, "order") VALUES (36, 18, 10, 'api::homepage.homepage', 'heroImage', 1);
INSERT INTO public.files_related_mph (id, file_id, related_id, related_type, field, "order") VALUES (44, 19, 1, 'api::partner.partner', 'logo', 1);
INSERT INTO public.files_related_mph (id, file_id, related_id, related_type, field, "order") VALUES (45, 19, 13, 'api::partner.partner', 'logo', 1);
INSERT INTO public.files_related_mph (id, file_id, related_id, related_type, field, "order") VALUES (53, 20, 5, 'api::partner.partner', 'logo', 1);
INSERT INTO public.files_related_mph (id, file_id, related_id, related_type, field, "order") VALUES (54, 20, 16, 'api::partner.partner', 'logo', 1);
INSERT INTO public.files_related_mph (id, file_id, related_id, related_type, field, "order") VALUES (56, 22, 3, 'api::partner.partner', 'logo', 1);
INSERT INTO public.files_related_mph (id, file_id, related_id, related_type, field, "order") VALUES (57, 22, 17, 'api::partner.partner', 'logo', 1);
INSERT INTO public.files_related_mph (id, file_id, related_id, related_type, field, "order") VALUES (59, 21, 9, 'api::partner.partner', 'logo', 1);
INSERT INTO public.files_related_mph (id, file_id, related_id, related_type, field, "order") VALUES (60, 21, 18, 'api::partner.partner', 'logo', 1);


ALTER TABLE public.files_related_mph ENABLE TRIGGER ALL;

--
-- Data for Name: footer_links; Type: TABLE DATA; Schema: public; Owner: snoumigue
--

ALTER TABLE public.footer_links DISABLE TRIGGER ALL;

INSERT INTO public.footer_links (id, document_id, label, url, "group", sort_order, is_visible, created_at, updated_at, published_at, created_by_id, updated_by_id, locale) VALUES (1, 'q6twh0iss1jhk99topbcn0sz', 'FAQ', '/candidature', 'assistance', 1, true, '2026-05-08 14:28:04.693', '2026-05-08 14:28:04.693', NULL, NULL, NULL, NULL);
INSERT INTO public.footer_links (id, document_id, label, url, "group", sort_order, is_visible, created_at, updated_at, published_at, created_by_id, updated_by_id, locale) VALUES (2, 'q6twh0iss1jhk99topbcn0sz', 'FAQ', '/candidature', 'assistance', 1, true, '2026-05-08 14:28:04.693', '2026-05-08 14:28:04.693', '2026-05-08 14:28:04.698', NULL, NULL, NULL);
INSERT INTO public.footer_links (id, document_id, label, url, "group", sort_order, is_visible, created_at, updated_at, published_at, created_by_id, updated_by_id, locale) VALUES (3, 'ad0jahd9tbzi7ugeopnh9bxx', 'Poser une question', '/candidature', 'assistance', 2, true, '2026-05-08 14:28:04.706', '2026-05-08 14:28:04.706', NULL, NULL, NULL, NULL);
INSERT INTO public.footer_links (id, document_id, label, url, "group", sort_order, is_visible, created_at, updated_at, published_at, created_by_id, updated_by_id, locale) VALUES (4, 'ad0jahd9tbzi7ugeopnh9bxx', 'Poser une question', '/candidature', 'assistance', 2, true, '2026-05-08 14:28:04.706', '2026-05-08 14:28:04.706', '2026-05-08 14:28:04.709', NULL, NULL, NULL);
INSERT INTO public.footer_links (id, document_id, label, url, "group", sort_order, is_visible, created_at, updated_at, published_at, created_by_id, updated_by_id, locale) VALUES (5, 'ybv1hklnmnq35f5lwqzhyrqs', 'Réclamations et recours', '/candidature', 'assistance', 3, true, '2026-05-08 14:28:04.714', '2026-05-08 14:28:04.714', NULL, NULL, NULL, NULL);
INSERT INTO public.footer_links (id, document_id, label, url, "group", sort_order, is_visible, created_at, updated_at, published_at, created_by_id, updated_by_id, locale) VALUES (6, 'ybv1hklnmnq35f5lwqzhyrqs', 'Réclamations et recours', '/candidature', 'assistance', 3, true, '2026-05-08 14:28:04.714', '2026-05-08 14:28:04.714', '2026-05-08 14:28:04.715', NULL, NULL, NULL);
INSERT INTO public.footer_links (id, document_id, label, url, "group", sort_order, is_visible, created_at, updated_at, published_at, created_by_id, updated_by_id, locale) VALUES (7, 'x19qysp8t9ggs6d2mz7be60u', 'Contact', '/candidature', 'assistance', 4, true, '2026-05-08 14:28:04.722', '2026-05-08 14:28:04.722', NULL, NULL, NULL, NULL);
INSERT INTO public.footer_links (id, document_id, label, url, "group", sort_order, is_visible, created_at, updated_at, published_at, created_by_id, updated_by_id, locale) VALUES (8, 'x19qysp8t9ggs6d2mz7be60u', 'Contact', '/candidature', 'assistance', 4, true, '2026-05-08 14:28:04.722', '2026-05-08 14:28:04.722', '2026-05-08 14:28:04.724', NULL, NULL, NULL);
INSERT INTO public.footer_links (id, document_id, label, url, "group", sort_order, is_visible, created_at, updated_at, published_at, created_by_id, updated_by_id, locale) VALUES (9, 'vevo7hjyjv5xn9z6lr1qwspr', 'Support plateforme', '/candidature', 'assistance', 5, true, '2026-05-08 14:28:04.728', '2026-05-08 14:28:04.728', NULL, NULL, NULL, NULL);
INSERT INTO public.footer_links (id, document_id, label, url, "group", sort_order, is_visible, created_at, updated_at, published_at, created_by_id, updated_by_id, locale) VALUES (10, 'vevo7hjyjv5xn9z6lr1qwspr', 'Support plateforme', '/candidature', 'assistance', 5, true, '2026-05-08 14:28:04.728', '2026-05-08 14:28:04.728', '2026-05-08 14:28:04.729', NULL, NULL, NULL);
INSERT INTO public.footer_links (id, document_id, label, url, "group", sort_order, is_visible, created_at, updated_at, published_at, created_by_id, updated_by_id, locale) VALUES (11, 'cimcsgu7zncs6ksu3skrol17', 'PRETE / NYUNGANIRA', '/a-propos', 'institutional', 1, true, '2026-05-08 14:28:04.738', '2026-05-08 14:28:04.738', NULL, NULL, NULL, NULL);
INSERT INTO public.footer_links (id, document_id, label, url, "group", sort_order, is_visible, created_at, updated_at, published_at, created_by_id, updated_by_id, locale) VALUES (12, 'cimcsgu7zncs6ksu3skrol17', 'PRETE / NYUNGANIRA', '/a-propos', 'institutional', 1, true, '2026-05-08 14:28:04.738', '2026-05-08 14:28:04.738', '2026-05-08 14:28:04.739', NULL, NULL, NULL);
INSERT INTO public.footer_links (id, document_id, label, url, "group", sort_order, is_visible, created_at, updated_at, published_at, created_by_id, updated_by_id, locale) VALUES (13, 'pnxaajyf7740643exrivlw9f', 'Partenaires', '/a-propos', 'institutional', 2, true, '2026-05-08 14:28:04.745', '2026-05-08 14:28:04.745', NULL, NULL, NULL, NULL);
INSERT INTO public.footer_links (id, document_id, label, url, "group", sort_order, is_visible, created_at, updated_at, published_at, created_by_id, updated_by_id, locale) VALUES (14, 'pnxaajyf7740643exrivlw9f', 'Partenaires', '/a-propos', 'institutional', 2, true, '2026-05-08 14:28:04.745', '2026-05-08 14:28:04.745', '2026-05-08 14:28:04.747', NULL, NULL, NULL);
INSERT INTO public.footer_links (id, document_id, label, url, "group", sort_order, is_visible, created_at, updated_at, published_at, created_by_id, updated_by_id, locale) VALUES (15, 'e7fpj102zl0v3gbbcxybp0uu', 'Mentions légales', '/a-propos', 'institutional', 3, true, '2026-05-08 14:28:04.752', '2026-05-08 14:28:04.752', NULL, NULL, NULL, NULL);
INSERT INTO public.footer_links (id, document_id, label, url, "group", sort_order, is_visible, created_at, updated_at, published_at, created_by_id, updated_by_id, locale) VALUES (16, 'e7fpj102zl0v3gbbcxybp0uu', 'Mentions légales', '/a-propos', 'institutional', 3, true, '2026-05-08 14:28:04.752', '2026-05-08 14:28:04.752', '2026-05-08 14:28:04.755', NULL, NULL, NULL);
INSERT INTO public.footer_links (id, document_id, label, url, "group", sort_order, is_visible, created_at, updated_at, published_at, created_by_id, updated_by_id, locale) VALUES (17, 'exklw6ytmmftkzyt45bzrnsv', 'Avis d''appel à projets', '/appels', 'resources', 1, true, '2026-05-08 14:28:04.759', '2026-05-08 14:28:04.759', NULL, NULL, NULL, NULL);
INSERT INTO public.footer_links (id, document_id, label, url, "group", sort_order, is_visible, created_at, updated_at, published_at, created_by_id, updated_by_id, locale) VALUES (18, 'exklw6ytmmftkzyt45bzrnsv', 'Avis d''appel à projets', '/appels', 'resources', 1, true, '2026-05-08 14:28:04.759', '2026-05-08 14:28:04.759', '2026-05-08 14:28:04.76', NULL, NULL, NULL);
INSERT INTO public.footer_links (id, document_id, label, url, "group", sort_order, is_visible, created_at, updated_at, published_at, created_by_id, updated_by_id, locale) VALUES (19, 'zp3q5r3ubt68a0gxs7owpvqt', 'Formulaires et guides', '/candidature', 'resources', 2, true, '2026-05-08 14:28:04.765', '2026-05-08 14:28:04.765', NULL, NULL, NULL, NULL);
INSERT INTO public.footer_links (id, document_id, label, url, "group", sort_order, is_visible, created_at, updated_at, published_at, created_by_id, updated_by_id, locale) VALUES (20, 'zp3q5r3ubt68a0gxs7owpvqt', 'Formulaires et guides', '/candidature', 'resources', 2, true, '2026-05-08 14:28:04.765', '2026-05-08 14:28:04.765', '2026-05-08 14:28:04.766', NULL, NULL, NULL);


ALTER TABLE public.footer_links ENABLE TRIGGER ALL;

--
-- Data for Name: homepages; Type: TABLE DATA; Schema: public; Owner: snoumigue
--

ALTER TABLE public.homepages DISABLE TRIGGER ALL;

INSERT INTO public.homepages (id, document_id, hero_title, hero_subtitle, cta_label, cta_url, created_at, updated_at, published_at, created_by_id, updated_by_id, locale) VALUES (2, 'axumjf7ks49sy878wnb50tjx', 'Subventions de Contrepartie', 'Les SUBCO-PRETE Catalysent la transformation productive locale en finançant des investissements structurants au service des chaînes de valeur prioritaires, de l’emploi et de la compétitivité durable', 'Déposer une candidature', '/candidature', '2026-05-07 01:28:59.795', '2026-05-08 01:18:35.021', NULL, 1, 1, NULL);
INSERT INTO public.homepages (id, document_id, hero_title, hero_subtitle, cta_label, cta_url, created_at, updated_at, published_at, created_by_id, updated_by_id, locale) VALUES (10, 'axumjf7ks49sy878wnb50tjx', 'Subventions de Contrepartie', 'Les SUBCO-PRETE Catalysent la transformation productive locale en finançant des investissements structurants au service des chaînes de valeur prioritaires, de l’emploi et de la compétitivité durable', 'Déposer une candidature', '/candidature', '2026-05-07 01:28:59.795', '2026-05-08 01:18:35.021', '2026-05-08 01:18:35.038', 1, 1, NULL);


ALTER TABLE public.homepages ENABLE TRIGGER ALL;

--
-- Data for Name: news; Type: TABLE DATA; Schema: public; Owner: snoumigue
--

ALTER TABLE public.news DISABLE TRIGGER ALL;

INSERT INTO public.news (id, document_id, title, slug, excerpt, content, published_at_custom, created_at, updated_at, published_at, created_by_id, updated_by_id, locale, category) VALUES (2, 'yu2k7of2mnvgagw5m3tdo07n', 'Lancement officiel de la plateforme Subco PRETE', 'lancement-plateforme-subco-prete', 'La plateforme est ouverte pour l’information publique et la soumission des candidatures.', '[{"type": "paragraph", "children": [{"text": "Les opérateurs peuvent désormais consulter les appels, préparer leurs dossiers et déposer leurs candidatures en ligne", "type": "text"}]}]', '2026-05-07 01:45:00', '2026-05-07 01:48:37.842', '2026-05-07 01:48:39.984', NULL, 1, 1, NULL, NULL);
INSERT INTO public.news (id, document_id, title, slug, excerpt, content, published_at_custom, created_at, updated_at, published_at, created_by_id, updated_by_id, locale, category) VALUES (3, 'yu2k7of2mnvgagw5m3tdo07n', 'Lancement officiel de la plateforme Subco PRETE', 'lancement-plateforme-subco-prete', 'La plateforme est ouverte pour l’information publique et la soumission des candidatures.', '[{"type": "paragraph", "children": [{"text": "Les opérateurs peuvent désormais consulter les appels, préparer leurs dossiers et déposer leurs candidatures en ligne", "type": "text"}]}]', '2026-05-07 01:45:00', '2026-05-07 01:48:37.842', '2026-05-07 01:48:39.984', '2026-05-07 01:48:39.993', 1, 1, NULL, NULL);


ALTER TABLE public.news ENABLE TRIGGER ALL;

--
-- Data for Name: partners; Type: TABLE DATA; Schema: public; Owner: snoumigue
--

ALTER TABLE public.partners DISABLE TRIGGER ALL;

INSERT INTO public.partners (id, document_id, name, website_url, sort_order, is_visible, created_at, updated_at, published_at, created_by_id, updated_by_id, locale) VALUES (1, 'gc7tta8ldcurzzydgv9pidsr', 'PRETE', NULL, 1, true, '2026-05-08 02:41:18.752', '2026-05-08 02:49:41.035', NULL, NULL, 1, NULL);
INSERT INTO public.partners (id, document_id, name, website_url, sort_order, is_visible, created_at, updated_at, published_at, created_by_id, updated_by_id, locale) VALUES (13, 'gc7tta8ldcurzzydgv9pidsr', 'PRETE', NULL, 1, true, '2026-05-08 02:41:18.752', '2026-05-08 02:49:41.035', '2026-05-08 02:49:41.048', NULL, 1, NULL);
INSERT INTO public.partners (id, document_id, name, website_url, sort_order, is_visible, created_at, updated_at, published_at, created_by_id, updated_by_id, locale) VALUES (5, 'sheasoh2640w5847cy3d6q0b', 'Gouvernement du Burundi', NULL, 2, true, '2026-05-08 02:41:18.773', '2026-05-08 02:52:36.256', NULL, NULL, 1, NULL);
INSERT INTO public.partners (id, document_id, name, website_url, sort_order, is_visible, created_at, updated_at, published_at, created_by_id, updated_by_id, locale) VALUES (16, 'sheasoh2640w5847cy3d6q0b', 'Gouvernement du Burundi', NULL, 2, true, '2026-05-08 02:41:18.773', '2026-05-08 02:52:36.256', '2026-05-08 02:52:36.265', NULL, 1, NULL);
INSERT INTO public.partners (id, document_id, name, website_url, sort_order, is_visible, created_at, updated_at, published_at, created_by_id, updated_by_id, locale) VALUES (3, 'zgav02j5pscq61elk0z04k0p', 'Banque mondiale', NULL, 3, true, '2026-05-08 02:41:18.764', '2026-05-08 02:53:08.344', NULL, NULL, 1, NULL);
INSERT INTO public.partners (id, document_id, name, website_url, sort_order, is_visible, created_at, updated_at, published_at, created_by_id, updated_by_id, locale) VALUES (17, 'zgav02j5pscq61elk0z04k0p', 'Banque mondiale', NULL, 3, true, '2026-05-08 02:41:18.764', '2026-05-08 02:53:08.344', '2026-05-08 02:53:08.354', NULL, 1, NULL);
INSERT INTO public.partners (id, document_id, name, website_url, sort_order, is_visible, created_at, updated_at, published_at, created_by_id, updated_by_id, locale) VALUES (9, 'l6m9z4zmwtcffca9ndc5h2ms', 'Agence de Developpement du Burundi', NULL, 4, true, '2026-05-08 02:41:18.784', '2026-05-08 02:53:20.109', NULL, NULL, 1, NULL);
INSERT INTO public.partners (id, document_id, name, website_url, sort_order, is_visible, created_at, updated_at, published_at, created_by_id, updated_by_id, locale) VALUES (18, 'l6m9z4zmwtcffca9ndc5h2ms', 'Agence de Developpement du Burundi', NULL, 4, true, '2026-05-08 02:41:18.784', '2026-05-08 02:53:20.109', '2026-05-08 02:53:20.121', NULL, 1, NULL);


ALTER TABLE public.partners ENABLE TRIGGER ALL;

--
-- Data for Name: resource_documents; Type: TABLE DATA; Schema: public; Owner: snoumigue
--

ALTER TABLE public.resource_documents DISABLE TRIGGER ALL;



ALTER TABLE public.resource_documents ENABLE TRIGGER ALL;

--
-- Data for Name: success_stories; Type: TABLE DATA; Schema: public; Owner: snoumigue
--

ALTER TABLE public.success_stories DISABLE TRIGGER ALL;

INSERT INTO public.success_stories (id, document_id, title, slug, operator_name, summary, story, impact_metrics, created_at, updated_at, published_at, created_by_id, updated_by_id, locale) VALUES (1, 'xz6budm6u82y1ji7d7inyzp6', 'Opérateur fruits tropicaux - montée en capacité', 'operateur-fruits-tropicaux', 'Cooperative Fruits Tropicaux', 'Mise en place d’une infrastructure partagée au service des MPME locales.', '[{"type": "paragraph", "children": [{"text": "Le projet a renforcé la transformation locale et l’accès au marché.", "type": "text"}]}]', '{"emplois": 24, "beneficiaires": 120}', '2026-05-06 23:54:40.699', '2026-05-06 23:54:40.699', '2026-05-06 23:54:40.699', NULL, NULL, NULL);


ALTER TABLE public.success_stories ENABLE TRIGGER ALL;

--
-- Data for Name: upload_folders_parent_lnk; Type: TABLE DATA; Schema: public; Owner: snoumigue
--

ALTER TABLE public.upload_folders_parent_lnk DISABLE TRIGGER ALL;



ALTER TABLE public.upload_folders_parent_lnk ENABLE TRIGGER ALL;

--
-- Data for Name: value_chains; Type: TABLE DATA; Schema: public; Owner: snoumigue
--

ALTER TABLE public.value_chains DISABLE TRIGGER ALL;

INSERT INTO public.value_chains (id, document_id, name, slug, short_intro, full_content, priority_order, is_featured_home, created_at, updated_at, published_at, created_by_id, updated_by_id, locale, photo_hint) VALUES (23, 'emboy81jrwmgofify8pwk5ff', 'Fruits tropicaux', 'fruits-tropicaux', 'Renforcer les infrastructures post-récolte, stockage, transformation et accès marché pour limiter les pertes et créer de la valeur.', '[{"type": "paragraph", "children": [{"bold": true, "text": "Positionnement pour la plateforme", "type": "text"}]}, {"type": "paragraph", "children": [{"text": "La chaîne de valeur des fruits tropicaux est l’une des filières les plus porteuses pour le Burundi. Elle s’appuie sur une production diversifiée, présente dans plusieurs provinces, avec des produits comme la banane, l’avocat, la mangue, l’ananas, le fruit de la passion et la papaye. Son potentiel se situe dans la réduction des pertes, l’amélioration de la qualité, la transformation locale et l’accès à des marchés mieux structurés.", "type": "text"}]}, {"type": "paragraph", "children": [{"text": "", "type": "text"}]}, {"type": "paragraph", "children": [{"bold": true, "text": "Maillons à mettre en avant", "type": "text"}]}, {"type": "list", "format": "unordered", "children": [{"type": "list-item", "children": [{"text": "collecte et agrégation ;", "type": "text"}]}]}, {"type": "list", "format": "unordered", "children": [{"type": "list-item", "children": [{"text": "tri, calibrage et contrôle qualité ;", "type": "text"}]}]}, {"type": "list", "format": "unordered", "children": [{"type": "list-item", "children": [{"text": "stockage temporaire et chaîne du froid ;", "type": "text"}]}]}, {"type": "list", "format": "unordered", "children": [{"type": "list-item", "children": [{"text": "conditionnement et emballage ;", "type": "text"}]}]}, {"type": "list", "format": "unordered", "children": [{"type": "list-item", "children": [{"text": "transformation en produits à plus longue durée de conservation ;", "type": "text"}]}]}, {"type": "list", "format": "unordered", "children": [{"type": "list-item", "children": [{"text": "commercialisation vers marchés urbains, institutionnels, régionaux ou d’exportation ;", "type": "text"}]}]}, {"type": "list", "format": "unordered", "children": [{"type": "list-item", "children": [{"text": "information de marché et traçabilité numérique.", "type": "text"}]}]}, {"type": "paragraph", "children": [{"text": "", "type": "text"}]}, {"type": "paragraph", "children": [{"bold": true, "text": "Contraintes spécifiques", "type": "text"}]}, {"type": "paragraph", "children": [{"text": "La filière souffre d’une production fragmentée, ce qui rend difficile la constitution de volumes réguliers pour les acheteurs ou transformateurs. Les pratiques post-récolte restent faibles : récolte à maturité non optimale, manipulation inadéquate, transport dans des contenants inadaptés, exposition à la chaleur et stockage insuffisant.", "type": "text"}]}, {"type": "paragraph", "children": [{"text": "L’absence de chaîne du froid réduit la durée de conservation, provoque des pertes rapides et limite l’accès aux marchés urbains ou export. La transformation locale reste insuffisante, alors qu’elle pourrait absorber les surplus saisonniers. Le conditionnement, l’emballage, la certification, la traçabilité et l’information de marché restent également faibles.", "type": "text"}]}, {"type": "paragraph", "children": [{"text": "", "type": "text"}]}, {"type": "paragraph", "children": [{"bold": true, "text": "Opportunités économiques", "type": "text"}]}, {"type": "paragraph", "children": [{"text": "Les opportunités les plus fortes concernent le marché national urbain, les hôtels, restaurants, supermarchés, institutions et acheteurs structurés. La transformation peut diversifier les débouchés : jus pasteurisés, nectars, pulpes congelées, fruits séchés, confitures, purées, farine de banane, huile d’avocat et ingrédients semi-transformés.", "type": "text"}]}, {"type": "paragraph", "children": [{"text": "L’avocat constitue une opportunité spécifique d’exportation, sous réserve de maîtriser la variété, la maturité, le calibrage, le conditionnement, la chaîne du froid, la certification et l’organisation des volumes.", "type": "text"}]}, {"type": "paragraph", "children": [{"text": "", "type": "text"}]}, {"type": "paragraph", "children": [{"bold": true, "text": "Infrastructures productives possibles", "type": "text"}]}, {"type": "paragraph", "children": [{"text": "Cette liste est indicative et non exhaustive. Elle doit inspirer les opérateurs sans fermer la porte à d’autres infrastructures alignées avec PRETE.", "type": "text"}]}, {"type": "list", "format": "ordered", "children": [{"type": "list-item", "children": [{"text": "Centre de collecte, tri et agrégation de fruits", "type": "text"}]}]}, {"type": "paragraph", "children": [{"text": "Rôle :", "type": "text", "underline": true}, {"text": " regrouper les volumes, peser, enregistrer les producteurs, réaliser un premier tri, organiser les lots et préparer les expéditions.", "type": "text"}]}, {"type": "paragraph", "children": [{"text": "Besoins adressés :", "type": "text", "underline": true}, {"text": " fragmentation de l’offre, pertes post-récolte, absence de traçabilité, faible pouvoir de négociation des producteurs.", "type": "text"}]}, {"type": "paragraph", "children": [{"text": "Bénéficiaires :", "type": "text", "underline": true}, {"text": " petits producteurs, coopératives, femmes entrepreneures, jeunes collecteurs, transformateurs, commerçants structurés.", "type": "text"}]}, {"type": "paragraph", "children": [{"text": "Conditions de viabilité : ", "type": "text", "underline": true}, {"text": "bassin de production suffisant, localisation proche des producteurs, contrats ou accords d’approvisionnement, gestion transparente, lien avec acheteurs ou transformateurs.", "type": "text"}]}, {"type": "paragraph", "children": [{"text": "", "type": "text"}]}, {"type": "paragraph", "children": [{"text": "Photo suggérée : fruits en caisses, opérateurs en train de trier et peser, espace semi-industriel simple et propre.", "type": "text"}]}, {"type": "paragraph", "children": [{"text": "", "type": "text"}]}, {"type": "paragraph", "children": [{"text": "Station de conditionnement pour fruits frais", "type": "text"}]}, {"type": "paragraph", "children": [{"text": "Rôle : laver, trier finement, calibrer, emballer, étiqueter, contrôler la qualité et préparer les fruits pour les marchés formels.", "type": "text"}]}, {"type": "paragraph", "children": [{"text": "", "type": "text"}]}, {"type": "paragraph", "children": [{"text": "Besoins adressés : qualité hétérogène, absence de standardisation, accès limité aux supermarchés, hôtels et acheteurs export.", "type": "text"}]}, {"type": "paragraph", "children": [{"text": "", "type": "text"}]}, {"type": "paragraph", "children": [{"text": "Produits concernés : avocat, mangue, ananas, papaye, fruit de la passion et autres fruits frais.", "type": "text"}]}, {"type": "paragraph", "children": [{"text": "", "type": "text"}]}, {"type": "paragraph", "children": [{"text": "Photo suggérée : ligne de calibrage ou tables de tri avec fruits propres, emballages, caisses ou cartons.", "type": "text"}]}, {"type": "paragraph", "children": [{"text": "", "type": "text"}]}, {"type": "paragraph", "children": [{"text": "Chambre froide solaire ou hybride", "type": "text"}]}, {"type": "paragraph", "children": [{"text": "Rôle : préserver la qualité des fruits périssables et allonger leur durée de conservation.", "type": "text"}]}, {"type": "paragraph", "children": [{"text": "", "type": "text"}]}, {"type": "paragraph", "children": [{"text": "Besoins adressés : ventes précipitées, pertes rapides, volatilité des prix, impossibilité de servir régulièrement les marchés.", "type": "text"}]}, {"type": "paragraph", "children": [{"text": "", "type": "text"}]}, {"type": "paragraph", "children": [{"text": "Services possibles : stockage réfrigéré, pré-refroidissement, conservation temporaire, gestion des stocks, appui à la distribution.", "type": "text"}]}, {"type": "paragraph", "children": [{"text": "", "type": "text"}]}, {"type": "paragraph", "children": [{"text": "Conditions de viabilité : étude énergétique, volumes réguliers, tarification réaliste, maintenance, formation des utilisateurs.", "type": "text"}]}, {"type": "paragraph", "children": [{"text": "", "type": "text"}]}, {"type": "paragraph", "children": [{"text": "Photo suggérée : chambre froide, caisses de fruits, panneau solaire ou équipement frigorifique visible.", "type": "text"}]}, {"type": "paragraph", "children": [{"text": "", "type": "text"}]}, {"type": "paragraph", "children": [{"text": "Unité de transformation multi-fruits", "type": "text"}]}, {"type": "paragraph", "children": [{"text": "Rôle : transformer les surplus ou fruits de qualité commerciale secondaire en produits à plus forte valeur ajoutée.", "type": "text"}]}, {"type": "paragraph", "children": [{"text": "", "type": "text"}]}, {"type": "paragraph", "children": [{"text": "Produits possibles : jus, pulpes, confitures, fruits séchés, purées, nectars, produits semi-transformés.", "type": "text"}]}, {"type": "paragraph", "children": [{"text": "", "type": "text"}]}, {"type": "paragraph", "children": [{"text": "Besoins adressés : pertes saisonnières, faible valeur ajoutée locale, dépendance au marché frais.", "type": "text"}]}, {"type": "paragraph", "children": [{"text": "", "type": "text"}]}, {"type": "paragraph", "children": [{"text": "Conditions de viabilité : approvisionnement sécurisé, normes d’hygiène, emballage adapté, débouchés commerciaux, fonds de roulement.", "type": "text"}]}, {"type": "paragraph", "children": [{"text": "", "type": "text"}]}, {"type": "paragraph", "children": [{"text": "Photo suggérée : ligne de jus, fruits découpés, bouteilles, séchoir ou atelier propre de transformation.", "type": "text"}]}, {"type": "paragraph", "children": [{"text": "", "type": "text"}]}, {"type": "paragraph", "children": [{"text": "Unité de transformation d’avocat", "type": "text"}]}, {"type": "paragraph", "children": [{"text": "Rôle : valoriser l’avocat au-delà du marché frais.", "type": "text"}]}, {"type": "paragraph", "children": [{"text": "", "type": "text"}]}, {"type": "paragraph", "children": [{"text": "Produits possibles : huile d’avocat, pulpe, produits cosmétiques dérivés, avocat conditionné pour marché spécialisé.", "type": "text"}]}, {"type": "paragraph", "children": [{"text": "", "type": "text"}]}, {"type": "paragraph", "children": [{"text": "Besoins adressés : valorisation insuffisante d’un produit à fort potentiel, accès limité aux marchés spécialisés.", "type": "text"}]}, {"type": "paragraph", "children": [{"text": "", "type": "text"}]}, {"type": "paragraph", "children": [{"text": "Photo suggérée : avocats triés, extraction d’huile, flacons ou conditionnement de produit dérivé.", "type": "text"}]}, {"type": "paragraph", "children": [{"text": "", "type": "text"}]}, {"type": "paragraph", "children": [{"text": "Unité ou service d’emballage", "type": "text"}]}, {"type": "paragraph", "children": [{"text": "Rôle : fournir des caisses, cartons, bouteilles, sachets, étiquettes et emballages adaptés.", "type": "text"}]}, {"type": "paragraph", "children": [{"text": "", "type": "text"}]}, {"type": "paragraph", "children": [{"text": "Besoins adressés : pertes, faible attractivité commerciale, non-conformité aux exigences des acheteurs.", "type": "text"}]}, {"type": "paragraph", "children": [{"text": "", "type": "text"}]}, {"type": "paragraph", "children": [{"text": "Particularité : cette infrastructure peut aussi servir d’autres chaînes de valeur.", "type": "text"}]}, {"type": "paragraph", "children": [{"text": "", "type": "text"}]}, {"type": "paragraph", "children": [{"text": "Photo suggérée : emballages alimentaires, cartons imprimés, caisses propres, étiquetage.", "type": "text"}]}, {"type": "paragraph", "children": [{"text": "", "type": "text"}]}, {"type": "paragraph", "children": [{"text": "Plateforme numérique d’information de marché", "type": "text"}]}, {"type": "paragraph", "children": [{"text": "Rôle : diffuser les prix, suivre les volumes disponibles, identifier les producteurs, organiser la mise en relation et améliorer la traçabilité.", "type": "text"}]}, {"type": "paragraph", "children": [{"text": "", "type": "text"}]}, {"type": "paragraph", "children": [{"text": "Besoins adressés : faible information de marché, ventes dispersées, difficulté de planification.", "type": "text"}]}, {"type": "paragraph", "children": [{"text": "", "type": "text"}]}, {"type": "paragraph", "children": [{"text": "Condition critique : être reliée à des opérateurs physiques et à des services concrets, pas seulement à une application isolée.", "type": "text"}]}, {"type": "paragraph", "children": [{"text": "", "type": "text"}]}, {"type": "paragraph", "children": [{"text": "Photo suggérée : agent utilisant une tablette ou téléphone dans un centre de collecte avec producteurs ou fruits visibles.", "type": "text"}]}, {"type": "paragraph", "children": [{"text": "", "type": "text"}]}, {"type": "paragraph", "children": [{"text": "Modèle économique pertinent", "type": "text"}]}, {"type": "paragraph", "children": [{"text": "Le modèle le plus pertinent est celui d’un opérateur-agrégateur : entreprise privée, coopérative professionnalisée, union de coopératives, transformateur, opérateur logistique ou plateforme commerciale. L’opérateur contractualise avec les producteurs, organise la collecte, gère l’infrastructure, contrôle la qualité et vend à des acheteurs structurés.", "type": "text"}]}, {"type": "paragraph", "children": [{"text": "", "type": "text"}]}, {"type": "paragraph", "children": [{"text": "Les revenus peuvent provenir de frais de collecte, frais de stockage, services de conditionnement, marge commerciale, vente de produits transformés, transport, location d’espace, prestations qualité ou abonnements numériques.", "type": "text"}]}, {"type": "paragraph", "children": [{"text": "", "type": "text"}]}, {"type": "paragraph", "children": [{"text": "Alignement spécifique avec PRETE", "type": "text"}]}, {"type": "paragraph", "children": [{"text": "La subvention de contrepartie peut soutenir les équipements de tri, chambres froides, lignes de transformation, véhicules adaptés, équipements d’emballage, outils numériques et dispositifs qualité. Le projet doit démontrer un apport propre réel, des volumes disponibles, un business plan crédible, des débouchés, un plan d’inclusion, un plan environnemental et social et une stratégie de maintenance.", "type": "text"}]}, {"type": "paragraph", "children": [{"text": "", "type": "text"}]}, {"type": "paragraph", "children": [{"text": "Impacts attendus", "type": "text"}]}, {"type": "paragraph", "children": [{"text": "réduction des pertes post-récolte ;", "type": "text"}]}, {"type": "paragraph", "children": [{"text": "augmentation de la valeur ajoutée locale ;", "type": "text"}]}, {"type": "paragraph", "children": [{"text": "amélioration des prix producteurs ;", "type": "text"}]}, {"type": "paragraph", "children": [{"text": "développement de produits transformés ;", "type": "text"}]}, {"type": "paragraph", "children": [{"text": "accès à de nouveaux marchés ;", "type": "text"}]}, {"type": "paragraph", "children": [{"text": "création d’emplois dans la collecte, le tri, la transformation, la logistique et le numérique ;", "type": "text"}]}, {"type": "paragraph", "children": [{"text": "inclusion des femmes et des jeunes ;", "type": "text"}]}, {"type": "paragraph", "children": [{"text": "meilleure valorisation des surplus saisonniers ;", "type": "text"}]}, {"type": "paragraph", "children": [{"text": "recours possible au froid solaire ou hybride.", "type": "text"}]}, {"type": "paragraph", "children": [{"text": "Risques à surveiller", "type": "text"}]}, {"type": "paragraph", "children": [{"text": "volumes insuffisants ou irréguliers ;", "type": "text"}]}, {"type": "paragraph", "children": [{"text": "coûts énergétiques élevés ;", "type": "text"}]}, {"type": "paragraph", "children": [{"text": "faible qualité des fruits collectés ;", "type": "text"}]}, {"type": "paragraph", "children": [{"text": "débouchés commerciaux insuffisants ;", "type": "text"}]}, {"type": "paragraph", "children": [{"text": "gouvernance faible de l’opérateur ;", "type": "text"}]}, {"type": "paragraph", "children": [{"text": "exclusion des petits producteurs ;", "type": "text"}]}, {"type": "paragraph", "children": [{"text": "non-respect des normes sanitaires.", "type": "text"}]}]', 1, true, '2026-05-07 22:00:31.27', '2026-05-08 00:51:50.586', '2026-05-08 00:51:50.599', NULL, 1, NULL, 'Producteurs manipulant mangues, ananas, avocats ou bananes dans un centre de collecte avec tri visible.');
INSERT INTO public.value_chains (id, document_id, name, slug, short_intro, full_content, priority_order, is_featured_home, created_at, updated_at, published_at, created_by_id, updated_by_id, locale, photo_hint) VALUES (15, 'nq2iqsg3apqfboujhxc25wo1', 'Industrie minière', 'mines', 'Appuyer les infrastructures de services techniques, qualité, traçabilité et commercialisation dans la chaîne minière.', '[{"type": "paragraph", "children": [{"text": "Chaîne mines : services techniques, traçabilité, contrôle qualité et commercialisation.", "type": "text"}]}]', 5, true, '2026-05-07 22:00:31.313', '2026-05-07 22:30:26.558', NULL, NULL, 1, NULL, 'Site minier encadré avec équipements de traitement, zone de pesage ou laboratoire, EPI visibles.');
INSERT INTO public.value_chains (id, document_id, name, slug, short_intro, full_content, priority_order, is_featured_home, created_at, updated_at, published_at, created_by_id, updated_by_id, locale, photo_hint) VALUES (18, 'nq2iqsg3apqfboujhxc25wo1', 'Industrie minière', 'mines', 'Appuyer les infrastructures de services techniques, qualité, traçabilité et commercialisation dans la chaîne minière.', '[{"type": "paragraph", "children": [{"text": "Chaîne mines : services techniques, traçabilité, contrôle qualité et commercialisation.", "type": "text"}]}]', 5, true, '2026-05-07 22:00:31.313', '2026-05-07 22:30:26.558', '2026-05-07 22:30:26.567', NULL, 1, NULL, 'Site minier encadré avec équipements de traitement, zone de pesage ou laboratoire, EPI visibles.');
INSERT INTO public.value_chains (id, document_id, name, slug, short_intro, full_content, priority_order, is_featured_home, created_at, updated_at, published_at, created_by_id, updated_by_id, locale, photo_hint) VALUES (9, 'z7hvinn1qdgikettbvd3zv3e', 'Lait', 'lait', 'Structurer la collecte, la chaîne du froid, la transformation et la distribution pour améliorer qualité et revenus des acteurs.', '[{"type": "paragraph", "children": [{"text": "Chaîne lait : centres de collecte, équipements froid, transformation et distribution.", "type": "text"}]}]', 2, true, '2026-05-07 22:00:31.287', '2026-05-07 22:30:45.855', NULL, NULL, 1, NULL, 'Centre de collecte de lait avec bidons inox et tank de refroidissement, test qualité en cours.');
INSERT INTO public.value_chains (id, document_id, name, slug, short_intro, full_content, priority_order, is_featured_home, created_at, updated_at, published_at, created_by_id, updated_by_id, locale, photo_hint) VALUES (19, 'z7hvinn1qdgikettbvd3zv3e', 'Lait', 'lait', 'Structurer la collecte, la chaîne du froid, la transformation et la distribution pour améliorer qualité et revenus des acteurs.', '[{"type": "paragraph", "children": [{"text": "Chaîne lait : centres de collecte, équipements froid, transformation et distribution.", "type": "text"}]}]', 2, true, '2026-05-07 22:00:31.287', '2026-05-07 22:30:45.855', '2026-05-07 22:30:45.868', NULL, 1, NULL, 'Centre de collecte de lait avec bidons inox et tank de refroidissement, test qualité en cours.');
INSERT INTO public.value_chains (id, document_id, name, slug, short_intro, full_content, priority_order, is_featured_home, created_at, updated_at, published_at, created_by_id, updated_by_id, locale, photo_hint) VALUES (13, 'uez9hecituaexnv2cwtp5fcu', 'Pisciculture et aquaculture', 'pisciculture-aquaculture', 'Développer les infrastructures de traitement, conservation et accès marché pour sécuriser l’offre et la qualité.', '[{"type": "paragraph", "children": [{"text": "Chaîne pisciculture et aquaculture : collecte, froid, transformation et logistique.", "type": "text"}]}]', 4, true, '2026-05-07 22:00:31.306', '2026-05-07 22:31:04.206', NULL, NULL, 1, NULL, 'Bassin piscicole ou cage flottante avec manutention du poisson sur glace et conditionnement propre.');
INSERT INTO public.value_chains (id, document_id, name, slug, short_intro, full_content, priority_order, is_featured_home, created_at, updated_at, published_at, created_by_id, updated_by_id, locale, photo_hint) VALUES (20, 'uez9hecituaexnv2cwtp5fcu', 'Pisciculture et aquaculture', 'pisciculture-aquaculture', 'Développer les infrastructures de traitement, conservation et accès marché pour sécuriser l’offre et la qualité.', '[{"type": "paragraph", "children": [{"text": "Chaîne pisciculture et aquaculture : collecte, froid, transformation et logistique.", "type": "text"}]}]', 4, true, '2026-05-07 22:00:31.306', '2026-05-07 22:31:04.206', '2026-05-07 22:31:04.22', NULL, 1, NULL, 'Bassin piscicole ou cage flottante avec manutention du poisson sur glace et conditionnement propre.');
INSERT INTO public.value_chains (id, document_id, name, slug, short_intro, full_content, priority_order, is_featured_home, created_at, updated_at, published_at, created_by_id, updated_by_id, locale, photo_hint) VALUES (11, 'bnncszyl7u70ilmtrwrrdt3a', 'Volaille', 'volaille', 'Soutenir les maillons critiques de transformation, conservation, conditionnement et commercialisation de la filière volaille.', '[{"type": "paragraph", "children": [{"text": "Chaîne volaille : abattage, conservation, transformation et vente structurée.", "type": "text"}]}]', 3, true, '2026-05-07 22:00:31.299', '2026-05-07 22:31:26.199', NULL, NULL, 1, NULL, 'Élevage avicole propre ou abattoir semi-moderne avec opérateurs en tenue d’hygiène.');
INSERT INTO public.value_chains (id, document_id, name, slug, short_intro, full_content, priority_order, is_featured_home, created_at, updated_at, published_at, created_by_id, updated_by_id, locale, photo_hint) VALUES (21, 'bnncszyl7u70ilmtrwrrdt3a', 'Volaille', 'volaille', 'Soutenir les maillons critiques de transformation, conservation, conditionnement et commercialisation de la filière volaille.', '[{"type": "paragraph", "children": [{"text": "Chaîne volaille : abattage, conservation, transformation et vente structurée.", "type": "text"}]}]', 3, true, '2026-05-07 22:00:31.299', '2026-05-07 22:31:26.199', '2026-05-07 22:31:26.208', NULL, 1, NULL, 'Élevage avicole propre ou abattoir semi-moderne avec opérateurs en tenue d’hygiène.');
INSERT INTO public.value_chains (id, document_id, name, slug, short_intro, full_content, priority_order, is_featured_home, created_at, updated_at, published_at, created_by_id, updated_by_id, locale, photo_hint) VALUES (7, 'emboy81jrwmgofify8pwk5ff', 'Fruits tropicaux', 'fruits-tropicaux', 'Renforcer les infrastructures post-récolte, stockage, transformation et accès marché pour limiter les pertes et créer de la valeur.', '[{"type": "paragraph", "children": [{"bold": true, "text": "Positionnement pour la plateforme", "type": "text"}]}, {"type": "paragraph", "children": [{"text": "La chaîne de valeur des fruits tropicaux est l’une des filières les plus porteuses pour le Burundi. Elle s’appuie sur une production diversifiée, présente dans plusieurs provinces, avec des produits comme la banane, l’avocat, la mangue, l’ananas, le fruit de la passion et la papaye. Son potentiel se situe dans la réduction des pertes, l’amélioration de la qualité, la transformation locale et l’accès à des marchés mieux structurés.", "type": "text"}]}, {"type": "paragraph", "children": [{"text": "", "type": "text"}]}, {"type": "paragraph", "children": [{"bold": true, "text": "Maillons à mettre en avant", "type": "text"}]}, {"type": "list", "format": "unordered", "children": [{"type": "list-item", "children": [{"text": "collecte et agrégation ;", "type": "text"}]}]}, {"type": "list", "format": "unordered", "children": [{"type": "list-item", "children": [{"text": "tri, calibrage et contrôle qualité ;", "type": "text"}]}]}, {"type": "list", "format": "unordered", "children": [{"type": "list-item", "children": [{"text": "stockage temporaire et chaîne du froid ;", "type": "text"}]}]}, {"type": "list", "format": "unordered", "children": [{"type": "list-item", "children": [{"text": "conditionnement et emballage ;", "type": "text"}]}]}, {"type": "list", "format": "unordered", "children": [{"type": "list-item", "children": [{"text": "transformation en produits à plus longue durée de conservation ;", "type": "text"}]}]}, {"type": "list", "format": "unordered", "children": [{"type": "list-item", "children": [{"text": "commercialisation vers marchés urbains, institutionnels, régionaux ou d’exportation ;", "type": "text"}]}]}, {"type": "list", "format": "unordered", "children": [{"type": "list-item", "children": [{"text": "information de marché et traçabilité numérique.", "type": "text"}]}]}, {"type": "paragraph", "children": [{"text": "", "type": "text"}]}, {"type": "paragraph", "children": [{"bold": true, "text": "Contraintes spécifiques", "type": "text"}]}, {"type": "paragraph", "children": [{"text": "La filière souffre d’une production fragmentée, ce qui rend difficile la constitution de volumes réguliers pour les acheteurs ou transformateurs. Les pratiques post-récolte restent faibles : récolte à maturité non optimale, manipulation inadéquate, transport dans des contenants inadaptés, exposition à la chaleur et stockage insuffisant.", "type": "text"}]}, {"type": "paragraph", "children": [{"text": "L’absence de chaîne du froid réduit la durée de conservation, provoque des pertes rapides et limite l’accès aux marchés urbains ou export. La transformation locale reste insuffisante, alors qu’elle pourrait absorber les surplus saisonniers. Le conditionnement, l’emballage, la certification, la traçabilité et l’information de marché restent également faibles.", "type": "text"}]}, {"type": "paragraph", "children": [{"text": "", "type": "text"}]}, {"type": "paragraph", "children": [{"bold": true, "text": "Opportunités économiques", "type": "text"}]}, {"type": "paragraph", "children": [{"text": "Les opportunités les plus fortes concernent le marché national urbain, les hôtels, restaurants, supermarchés, institutions et acheteurs structurés. La transformation peut diversifier les débouchés : jus pasteurisés, nectars, pulpes congelées, fruits séchés, confitures, purées, farine de banane, huile d’avocat et ingrédients semi-transformés.", "type": "text"}]}, {"type": "paragraph", "children": [{"text": "L’avocat constitue une opportunité spécifique d’exportation, sous réserve de maîtriser la variété, la maturité, le calibrage, le conditionnement, la chaîne du froid, la certification et l’organisation des volumes.", "type": "text"}]}, {"type": "paragraph", "children": [{"text": "", "type": "text"}]}, {"type": "paragraph", "children": [{"bold": true, "text": "Infrastructures productives possibles", "type": "text"}]}, {"type": "paragraph", "children": [{"text": "Cette liste est indicative et non exhaustive. Elle doit inspirer les opérateurs sans fermer la porte à d’autres infrastructures alignées avec PRETE.", "type": "text"}]}, {"type": "list", "format": "ordered", "children": [{"type": "list-item", "children": [{"text": "Centre de collecte, tri et agrégation de fruits", "type": "text"}]}]}, {"type": "paragraph", "children": [{"text": "Rôle :", "type": "text", "underline": true}, {"text": " regrouper les volumes, peser, enregistrer les producteurs, réaliser un premier tri, organiser les lots et préparer les expéditions.", "type": "text"}]}, {"type": "paragraph", "children": [{"text": "Besoins adressés :", "type": "text", "underline": true}, {"text": " fragmentation de l’offre, pertes post-récolte, absence de traçabilité, faible pouvoir de négociation des producteurs.", "type": "text"}]}, {"type": "paragraph", "children": [{"text": "Bénéficiaires :", "type": "text", "underline": true}, {"text": " petits producteurs, coopératives, femmes entrepreneures, jeunes collecteurs, transformateurs, commerçants structurés.", "type": "text"}]}, {"type": "paragraph", "children": [{"text": "Conditions de viabilité : ", "type": "text", "underline": true}, {"text": "bassin de production suffisant, localisation proche des producteurs, contrats ou accords d’approvisionnement, gestion transparente, lien avec acheteurs ou transformateurs.", "type": "text"}]}, {"type": "paragraph", "children": [{"text": "", "type": "text"}]}, {"type": "paragraph", "children": [{"text": "Photo suggérée : fruits en caisses, opérateurs en train de trier et peser, espace semi-industriel simple et propre.", "type": "text"}]}, {"type": "paragraph", "children": [{"text": "", "type": "text"}]}, {"type": "paragraph", "children": [{"text": "Station de conditionnement pour fruits frais", "type": "text"}]}, {"type": "paragraph", "children": [{"text": "Rôle : laver, trier finement, calibrer, emballer, étiqueter, contrôler la qualité et préparer les fruits pour les marchés formels.", "type": "text"}]}, {"type": "paragraph", "children": [{"text": "", "type": "text"}]}, {"type": "paragraph", "children": [{"text": "Besoins adressés : qualité hétérogène, absence de standardisation, accès limité aux supermarchés, hôtels et acheteurs export.", "type": "text"}]}, {"type": "paragraph", "children": [{"text": "", "type": "text"}]}, {"type": "paragraph", "children": [{"text": "Produits concernés : avocat, mangue, ananas, papaye, fruit de la passion et autres fruits frais.", "type": "text"}]}, {"type": "paragraph", "children": [{"text": "", "type": "text"}]}, {"type": "paragraph", "children": [{"text": "Photo suggérée : ligne de calibrage ou tables de tri avec fruits propres, emballages, caisses ou cartons.", "type": "text"}]}, {"type": "paragraph", "children": [{"text": "", "type": "text"}]}, {"type": "paragraph", "children": [{"text": "Chambre froide solaire ou hybride", "type": "text"}]}, {"type": "paragraph", "children": [{"text": "Rôle : préserver la qualité des fruits périssables et allonger leur durée de conservation.", "type": "text"}]}, {"type": "paragraph", "children": [{"text": "", "type": "text"}]}, {"type": "paragraph", "children": [{"text": "Besoins adressés : ventes précipitées, pertes rapides, volatilité des prix, impossibilité de servir régulièrement les marchés.", "type": "text"}]}, {"type": "paragraph", "children": [{"text": "", "type": "text"}]}, {"type": "paragraph", "children": [{"text": "Services possibles : stockage réfrigéré, pré-refroidissement, conservation temporaire, gestion des stocks, appui à la distribution.", "type": "text"}]}, {"type": "paragraph", "children": [{"text": "", "type": "text"}]}, {"type": "paragraph", "children": [{"text": "Conditions de viabilité : étude énergétique, volumes réguliers, tarification réaliste, maintenance, formation des utilisateurs.", "type": "text"}]}, {"type": "paragraph", "children": [{"text": "", "type": "text"}]}, {"type": "paragraph", "children": [{"text": "Photo suggérée : chambre froide, caisses de fruits, panneau solaire ou équipement frigorifique visible.", "type": "text"}]}, {"type": "paragraph", "children": [{"text": "", "type": "text"}]}, {"type": "paragraph", "children": [{"text": "Unité de transformation multi-fruits", "type": "text"}]}, {"type": "paragraph", "children": [{"text": "Rôle : transformer les surplus ou fruits de qualité commerciale secondaire en produits à plus forte valeur ajoutée.", "type": "text"}]}, {"type": "paragraph", "children": [{"text": "", "type": "text"}]}, {"type": "paragraph", "children": [{"text": "Produits possibles : jus, pulpes, confitures, fruits séchés, purées, nectars, produits semi-transformés.", "type": "text"}]}, {"type": "paragraph", "children": [{"text": "", "type": "text"}]}, {"type": "paragraph", "children": [{"text": "Besoins adressés : pertes saisonnières, faible valeur ajoutée locale, dépendance au marché frais.", "type": "text"}]}, {"type": "paragraph", "children": [{"text": "", "type": "text"}]}, {"type": "paragraph", "children": [{"text": "Conditions de viabilité : approvisionnement sécurisé, normes d’hygiène, emballage adapté, débouchés commerciaux, fonds de roulement.", "type": "text"}]}, {"type": "paragraph", "children": [{"text": "", "type": "text"}]}, {"type": "paragraph", "children": [{"text": "Photo suggérée : ligne de jus, fruits découpés, bouteilles, séchoir ou atelier propre de transformation.", "type": "text"}]}, {"type": "paragraph", "children": [{"text": "", "type": "text"}]}, {"type": "paragraph", "children": [{"text": "Unité de transformation d’avocat", "type": "text"}]}, {"type": "paragraph", "children": [{"text": "Rôle : valoriser l’avocat au-delà du marché frais.", "type": "text"}]}, {"type": "paragraph", "children": [{"text": "", "type": "text"}]}, {"type": "paragraph", "children": [{"text": "Produits possibles : huile d’avocat, pulpe, produits cosmétiques dérivés, avocat conditionné pour marché spécialisé.", "type": "text"}]}, {"type": "paragraph", "children": [{"text": "", "type": "text"}]}, {"type": "paragraph", "children": [{"text": "Besoins adressés : valorisation insuffisante d’un produit à fort potentiel, accès limité aux marchés spécialisés.", "type": "text"}]}, {"type": "paragraph", "children": [{"text": "", "type": "text"}]}, {"type": "paragraph", "children": [{"text": "Photo suggérée : avocats triés, extraction d’huile, flacons ou conditionnement de produit dérivé.", "type": "text"}]}, {"type": "paragraph", "children": [{"text": "", "type": "text"}]}, {"type": "paragraph", "children": [{"text": "Unité ou service d’emballage", "type": "text"}]}, {"type": "paragraph", "children": [{"text": "Rôle : fournir des caisses, cartons, bouteilles, sachets, étiquettes et emballages adaptés.", "type": "text"}]}, {"type": "paragraph", "children": [{"text": "", "type": "text"}]}, {"type": "paragraph", "children": [{"text": "Besoins adressés : pertes, faible attractivité commerciale, non-conformité aux exigences des acheteurs.", "type": "text"}]}, {"type": "paragraph", "children": [{"text": "", "type": "text"}]}, {"type": "paragraph", "children": [{"text": "Particularité : cette infrastructure peut aussi servir d’autres chaînes de valeur.", "type": "text"}]}, {"type": "paragraph", "children": [{"text": "", "type": "text"}]}, {"type": "paragraph", "children": [{"text": "Photo suggérée : emballages alimentaires, cartons imprimés, caisses propres, étiquetage.", "type": "text"}]}, {"type": "paragraph", "children": [{"text": "", "type": "text"}]}, {"type": "paragraph", "children": [{"text": "Plateforme numérique d’information de marché", "type": "text"}]}, {"type": "paragraph", "children": [{"text": "Rôle : diffuser les prix, suivre les volumes disponibles, identifier les producteurs, organiser la mise en relation et améliorer la traçabilité.", "type": "text"}]}, {"type": "paragraph", "children": [{"text": "", "type": "text"}]}, {"type": "paragraph", "children": [{"text": "Besoins adressés : faible information de marché, ventes dispersées, difficulté de planification.", "type": "text"}]}, {"type": "paragraph", "children": [{"text": "", "type": "text"}]}, {"type": "paragraph", "children": [{"text": "Condition critique : être reliée à des opérateurs physiques et à des services concrets, pas seulement à une application isolée.", "type": "text"}]}, {"type": "paragraph", "children": [{"text": "", "type": "text"}]}, {"type": "paragraph", "children": [{"text": "Photo suggérée : agent utilisant une tablette ou téléphone dans un centre de collecte avec producteurs ou fruits visibles.", "type": "text"}]}, {"type": "paragraph", "children": [{"text": "", "type": "text"}]}, {"type": "paragraph", "children": [{"text": "Modèle économique pertinent", "type": "text"}]}, {"type": "paragraph", "children": [{"text": "Le modèle le plus pertinent est celui d’un opérateur-agrégateur : entreprise privée, coopérative professionnalisée, union de coopératives, transformateur, opérateur logistique ou plateforme commerciale. L’opérateur contractualise avec les producteurs, organise la collecte, gère l’infrastructure, contrôle la qualité et vend à des acheteurs structurés.", "type": "text"}]}, {"type": "paragraph", "children": [{"text": "", "type": "text"}]}, {"type": "paragraph", "children": [{"text": "Les revenus peuvent provenir de frais de collecte, frais de stockage, services de conditionnement, marge commerciale, vente de produits transformés, transport, location d’espace, prestations qualité ou abonnements numériques.", "type": "text"}]}, {"type": "paragraph", "children": [{"text": "", "type": "text"}]}, {"type": "paragraph", "children": [{"text": "Alignement spécifique avec PRETE", "type": "text"}]}, {"type": "paragraph", "children": [{"text": "La subvention de contrepartie peut soutenir les équipements de tri, chambres froides, lignes de transformation, véhicules adaptés, équipements d’emballage, outils numériques et dispositifs qualité. Le projet doit démontrer un apport propre réel, des volumes disponibles, un business plan crédible, des débouchés, un plan d’inclusion, un plan environnemental et social et une stratégie de maintenance.", "type": "text"}]}, {"type": "paragraph", "children": [{"text": "", "type": "text"}]}, {"type": "paragraph", "children": [{"text": "Impacts attendus", "type": "text"}]}, {"type": "paragraph", "children": [{"text": "réduction des pertes post-récolte ;", "type": "text"}]}, {"type": "paragraph", "children": [{"text": "augmentation de la valeur ajoutée locale ;", "type": "text"}]}, {"type": "paragraph", "children": [{"text": "amélioration des prix producteurs ;", "type": "text"}]}, {"type": "paragraph", "children": [{"text": "développement de produits transformés ;", "type": "text"}]}, {"type": "paragraph", "children": [{"text": "accès à de nouveaux marchés ;", "type": "text"}]}, {"type": "paragraph", "children": [{"text": "création d’emplois dans la collecte, le tri, la transformation, la logistique et le numérique ;", "type": "text"}]}, {"type": "paragraph", "children": [{"text": "inclusion des femmes et des jeunes ;", "type": "text"}]}, {"type": "paragraph", "children": [{"text": "meilleure valorisation des surplus saisonniers ;", "type": "text"}]}, {"type": "paragraph", "children": [{"text": "recours possible au froid solaire ou hybride.", "type": "text"}]}, {"type": "paragraph", "children": [{"text": "Risques à surveiller", "type": "text"}]}, {"type": "paragraph", "children": [{"text": "volumes insuffisants ou irréguliers ;", "type": "text"}]}, {"type": "paragraph", "children": [{"text": "coûts énergétiques élevés ;", "type": "text"}]}, {"type": "paragraph", "children": [{"text": "faible qualité des fruits collectés ;", "type": "text"}]}, {"type": "paragraph", "children": [{"text": "débouchés commerciaux insuffisants ;", "type": "text"}]}, {"type": "paragraph", "children": [{"text": "gouvernance faible de l’opérateur ;", "type": "text"}]}, {"type": "paragraph", "children": [{"text": "exclusion des petits producteurs ;", "type": "text"}]}, {"type": "paragraph", "children": [{"text": "non-respect des normes sanitaires.", "type": "text"}]}]', 1, true, '2026-05-07 22:00:31.27', '2026-05-08 00:51:50.586', NULL, NULL, 1, NULL, 'Producteurs manipulant mangues, ananas, avocats ou bananes dans un centre de collecte avec tri visible.');


ALTER TABLE public.value_chains ENABLE TRIGGER ALL;

--
-- Name: about_pages_id_seq; Type: SEQUENCE SET; Schema: public; Owner: snoumigue
--

SELECT pg_catalog.setval('public.about_pages_id_seq', 1, true);


--
-- Name: call_for_proposals_id_seq; Type: SEQUENCE SET; Schema: public; Owner: snoumigue
--

SELECT pg_catalog.setval('public.call_for_proposals_id_seq', 3, true);


--
-- Name: candidature_guides_id_seq; Type: SEQUENCE SET; Schema: public; Owner: snoumigue
--

SELECT pg_catalog.setval('public.candidature_guides_id_seq', 1, true);


--
-- Name: events_id_seq; Type: SEQUENCE SET; Schema: public; Owner: snoumigue
--

SELECT pg_catalog.setval('public.events_id_seq', 4, true);


--
-- Name: faqs_id_seq; Type: SEQUENCE SET; Schema: public; Owner: snoumigue
--

SELECT pg_catalog.setval('public.faqs_id_seq', 7, true);


--
-- Name: files_folder_lnk_id_seq; Type: SEQUENCE SET; Schema: public; Owner: snoumigue
--

SELECT pg_catalog.setval('public.files_folder_lnk_id_seq', 23, true);


--
-- Name: files_id_seq; Type: SEQUENCE SET; Schema: public; Owner: snoumigue
--

SELECT pg_catalog.setval('public.files_id_seq', 22, true);


--
-- Name: files_related_mph_id_seq; Type: SEQUENCE SET; Schema: public; Owner: snoumigue
--

SELECT pg_catalog.setval('public.files_related_mph_id_seq', 60, true);


--
-- Name: footer_links_id_seq; Type: SEQUENCE SET; Schema: public; Owner: snoumigue
--

SELECT pg_catalog.setval('public.footer_links_id_seq', 20, true);


--
-- Name: homepages_id_seq; Type: SEQUENCE SET; Schema: public; Owner: snoumigue
--

SELECT pg_catalog.setval('public.homepages_id_seq', 10, true);


--
-- Name: news_id_seq; Type: SEQUENCE SET; Schema: public; Owner: snoumigue
--

SELECT pg_catalog.setval('public.news_id_seq', 3, true);


--
-- Name: partners_id_seq; Type: SEQUENCE SET; Schema: public; Owner: snoumigue
--

SELECT pg_catalog.setval('public.partners_id_seq', 26, true);


--
-- Name: resource_documents_id_seq; Type: SEQUENCE SET; Schema: public; Owner: snoumigue
--

SELECT pg_catalog.setval('public.resource_documents_id_seq', 1, false);


--
-- Name: success_stories_id_seq; Type: SEQUENCE SET; Schema: public; Owner: snoumigue
--

SELECT pg_catalog.setval('public.success_stories_id_seq', 1, true);


--
-- Name: upload_folders_id_seq; Type: SEQUENCE SET; Schema: public; Owner: snoumigue
--

SELECT pg_catalog.setval('public.upload_folders_id_seq', 2, true);


--
-- Name: upload_folders_parent_lnk_id_seq; Type: SEQUENCE SET; Schema: public; Owner: snoumigue
--

SELECT pg_catalog.setval('public.upload_folders_parent_lnk_id_seq', 1, false);


--
-- Name: value_chains_id_seq; Type: SEQUENCE SET; Schema: public; Owner: snoumigue
--

SELECT pg_catalog.setval('public.value_chains_id_seq', 23, true);


--
-- PostgreSQL database dump complete
--

\unrestrict 7mmivFxNxB4yucLNRcTiM2yhLfCEpfK2TDdRDyRtg0NgJVymWnrkmYCRNcIFQrh

